date;ca;display;offline;sea;social;tv;video_&_audio;cataloguebal;crm;presse;radio;public_holidays;school_holidays;temperature
2024-01-01;8266342.37;0.0;0.0;14547.63;374.09;0.0;0.0;0.0;3431.25;0.0;0.0;1;1.0;7.112535014005602
2024-01-08;5921789.61;0.0;0.0;10910.43;299.56;0.0;0.0;0.0;34250.61;0.0;0.0;0;0.0;4.017229391756703
2024-01-15;5789965.4;0.0;0.0;16633.13;3701.51;0.0;0.0;0.0;1570.28;0.0;0.0;0;0.0;4.767889655862346
2024-01-22;6613415.92;0.0;5500.0;20557.59;9752.810000000001;0.0;0.0;0.0;2032.76;0.0;0.0;0;0.0;7.756520108043218
2024-01-29;7790744.65;0.0;0.0;22971.42;9408.119999999999;0.0;0.0;0.0;1205.57;0.0;0.0;0;0.0;9.094615346138456
2024-02-05;7563861.14;0.0;0.0;15225.59;45.64;0.0;0.0;0.0;48591.950000000004;0.0;0.0;0;0.0;9.501355542216887
2024-02-12;9925205.75;0.0;0.0;13281.11;280.46;0.0;0.0;0.0;10692.83;0.0;0.0;0;0.3333333333333333;10.068524909963985
2024-02-19;8442118.2;0.0;7127.0;13923.81;6461.9;0.0;0.0;0.0;4037.49;0.0;0.0;0;0.6666666666666666;9.251968287314925
2024-02-26;13812131.98;25000.0;1000.0;16977.2;39376.67;0.0;14797.689999999999;0.0;57024.62;0.0;121179.29000000001;0;0.6666666666666666;8.12719587835134
2024-03-04;15781708.43;0.0;0.0;20936.96;7298.56;0.0;18918.25;0.0;193110.44;0.0;126151.89;0;0.3333333333333333;8.679799419767907
2024-03-11;13148902.74;0.0;0.0;32950.93;9628.9;0.0;0.0;0.0;3623.6000000000004;0.0;0.0;0;0.0;10.925027511004402
2024-03-18;17053776.22;0.0;0.0;39237.17;8809.47;0.0;0.0;0.0;24547.0;0.0;0.0;0;0.0;11.595818327330932
2024-03-25;13938779.83;0.0;9300.0;35669.32;23289.84;0.0;0.0;156751.0;3404.7;0.0;0.0;0;0.0;11.12768357342937
2024-04-01;17720323.32;0.0;0.0;38711.9;30048.629999999997;0.0;0.0;0.0;3315.89;0.0;0.0;1;0.0;12.924489795918367
2024-04-08;20326019.59;0.0;0.0;41148.95;9486.46;0.0;0.0;0.0;44258.71;0.0;0.0;0;0.3333333333333333;13.747411464585834
2024-04-15;16329638.0;0.0;0.0;38276.64;9434.71;0.0;0.0;0.0;5015.15;0.0;0.0;0;0.6666666666666666;11.062955182072828
2024-04-22;16270039.52;0.0;10500.0;33117.79;25013.629999999997;153707.85;36271.24;192264.0;12877.109999999999;0.0;121556.54999999999;0;0.6666666666666666;10.267827130852341
2024-04-29;18919068.67;0.0;0.0;47036.73;29421.270000000004;192025.65;31321.65;0.0;3916.07;0.0;0.0;1;0.3333333333333333;12.6078056222489
2024-05-06;24029562.91;20000.0;0.0;39015.32;8455.86;204546.25;33418.35;0.0;21425.03;0.0;0.0;2;0.0;14.79983243297319
2024-05-13;18081092.08;0.0;0.0;32444.91;9243.12;289022.83;34811.11;0.0;9880.61;0.0;0.0;0;0.0;15.564763405362145
2024-05-20;21333329.64;0.0;8434.0;30311.43;18859.18;114790.24;17308.010000000002;0.0;3370.79;0.0;0.0;1;0.0;15.389103141256502
2024-05-27;15293479.23;0.0;0.0;45115.22;48294.7;0.0;0.0;0.0;10470.99;0.0;0.0;0;0.0;15.941284013605442
2024-06-03;19045960.27;64300.0;0.0;34375.14;14782.58;0.0;31290.71;0.0;165977.75;0.0;60117.58;0;0.0;16.51698429371749
2024-06-10;12956153.07;0.0;0.0;28314.94;8449.63;0.0;0.0;0.0;5049.0199999999995;0.0;0.0;0;0.0;17.19764655862345
2024-06-17;10880688.57;38000.0;0.0;23588.42;58354.96;0.0;0.0;0.0;16730.760000000002;0.0;0.0;0;0.0;18.677303421368546
2024-06-24;11920096.62;0.0;5000.0;84095.47;23133.92;0.0;0.0;0.0;4703.360000000001;0.0;0.0;0;0.0;19.76674419767907
2024-07-01;11634435.62;0.0;0.0;20158.97;21166.85;0.0;0.0;0.0;506.02;0.0;0.0;0;0.0;19.596646158463386
2024-07-08;10137620.54;0.0;0.0;10269.62;12043.45;0.0;0.0;0.0;3509.89;0.0;0.0;1;1.0;19.96766956782713
2024-07-15;9672905.57;0.0;0.0;9412.57;7756.16;0.0;0.0;0.0;28.28;0.0;0.0;0;1.0;21.180114545818327
2024-07-22;8899191.77;0.0;0.0;7899.17;7032.03;0.0;0.0;0.0;2324.71;0.0;0.0;0;1.0;22.474346302560434
2024-07-29;8645793.33;0.0;0.0;7914.06;7871.87;0.0;0.0;0.0;922.59;0.0;0.0;0;1.0;23.01177750656913
2024-08-05;8747741.04;0.0;0.0;6278.85;7358.1;0.0;0.0;0.0;2600.37;0.0;0.0;0;1.0;23.208057705840957
2024-08-12;8566387.63;0.0;0.0;4424.88;7348.38;0.0;0.0;0.0;25.12;0.0;0.0;1;1.0;22.14711219463155
2024-08-19;8487360.45;0.0;0.0;4805.83;10614.38;0.0;0.0;0.0;3307.8300000000004;0.0;0.0;0;1.0;20.702534111680517
2024-08-26;8395405.92;0.0;1000.0;4213.08;17912.73;0.0;0.0;0.0;1206.74;0.0;0.0;0;1.0;20.935425740959538
2024-09-02;8115845.36;0.0;0.0;7104.55;19972.47;0.0;0.0;0.0;2469.37;0.0;0.0;0;0.0;19.389975108122588
2024-09-09;7989602.92;0.0;0.0;5137.31;7688.84;0.0;0.0;0.0;27207.55;0.0;0.0;0;0.0;16.388620625722023
2024-09-16;7500277.45;0.0;0.0;5289.03;7265.33;0.0;0.0;0.0;2066.12;0.0;0.0;0;0.0;16.17421081733186
2024-09-23;8621231.98;0.0;0.0;8841.88;8049.92;0.0;22969.920000000002;0.0;19600.1;0.0;115422.84;0;0.0;15.815177943098421
2024-09-30;8022605.57;19000.0;18000.0;14740.12;16817.51;0.0;0.0;0.0;2558.32;0.0;0.0;0;0.0;14.525799235950538
2024-10-07;8028111.62;0.0;0.0;12269.4;22017.58;0.0;0.0;0.0;26455.2;0.0;0.0;0;0.0;15.072612345430782
2024-10-14;7730461.76;0.0;0.0;7317.51;9979.99;0.0;0.0;0.0;24781.120000000003;0.0;0.0;0;0.0;15.659510405147282
2024-10-21;9866542.5;0.0;0.0;8256.43;17080.25;0.0;0.0;144271.0;1057.67;550.8;0.0;0;1.0;15.159017794309843
2024-10-28;12599056.59;0.0;0.0;9467.08;20984.96;0.0;0.0;0.0;3496.61;0.0;0.0;1;1.0;13.755639891424549
2024-11-04;10993654.4;0.0;0.0;16560.89;10863.22;0.0;20924.87;0.0;127374.42;0.0;116036.67;0;0.0;11.98009198753393
2024-11-11;9424598.03;1000.0;0.0;18418.66;9575.72;0.0;0.0;0.0;2667.0299999999997;0.0;0.0;1;0.0;9.776048054689856
2024-11-18;7854938.04;0.0;0.0;13956.77;17222.329999999998;0.0;0.0;0.0;93237.62999999999;0.0;0.0;0;0.0;8.95746958882075
2024-11-25;11446831.44;20000.0;0.0;24431.36;27203.34;0.0;0.0;0.0;27711.09;0.0;0.0;0;0.0;9.053013471398412
2024-12-02;12367060.66;0.0;0.0;22788.1;16322.45;0.0;24013.46;0.0;31185.239999999998;0.0;116210.03;0;0.0;7.811173835682484
2024-12-09;9763509.89;0.0;0.0;9634.08;12319.130000000001;0.0;0.24;0.0;2488.94;0.0;0.0;0;0.0;6.747744601860297
2024-12-16;9825010.71;0.0;0.0;7607.56;5537.38;0.0;0.0;0.0;27220.01;0.0;0.0;0;0.0;6.976932181679973
2024-12-23;7773477.78;0.0;0.0;5923.2;3180.09;0.0;0.0;0.0;686.5799999999999;0.0;0.0;1;1.0;6.206836232029758
2024-12-30;7032603.42;0.0;0.0;7666.61;1450.14;0.0;0.0;0.0;16775.52;0.0;0.0;1;1.0;6.04929878355283
2025-01-06;6177499.6;19713.83;1000.0;20946.22;55215.189999999995;0.0;0.0;0.0;3878.5699999999997;0.0;0.0;0;0.0;5.65384286719614
2025-01-13;5810336.42;3129.72;0.0;11447.58;20225.47;0.0;0.0;0.0;342.62;0.0;0.0;0;0.0;4.177819945712275
2025-01-20;7197764.73;0.0;0.0;18780.42;13133.779999999999;0.0;16694.9;0.0;24054.97;0.0;102896.86;0;0.0;6.140826379813008
2025-01-27;6585638.77;0.0;0.0;28261.16;7861.17;0.0;0.0;0.0;3515.37;0.0;0.0;0;0.0;6.91673871519051
2025-02-03;6716929.34;23885.45;1000.0;25138.56;63527.43;0.0;0.0;0.0;67495.86;0.0;0.0;0;0.0;5.918985623806172
2025-02-10;8119505.33;0.0;0.0;15017.26;8286.24;0.0;0.0;0.0;1863.9499999999998;0.0;0.0;0;0.3333333333333333;6.564401327033276
2025-02-17;9184098.97;0.0;0.0;18382.62;8876.45;0.0;0.0;0.0;37734.28;0.0;0.0;0;0.6666666666666666;8.226284306826178
2025-02-24;14051384.7;49338.47;2000.0;23430.01;103446.19;0.0;2760.0;0.0;70176.43;0.0;0.0;0;0.6666666666666666;8.695478536242083
2025-03-03;14213273.75;0.0;0.0;27572.4;14031.41;0.0;0.0;0.0;77172.52;0.0;0.0;0;0.3333333333333333;8.881436329914516
2025-03-10;11614767.68;0.0;0.0;23468.74;8751.89;0.0;0.0;0.0;18719.62;0.0;0.0;0;0.0;8.640605716593742
2025-03-17;13663943.87;35744.53;10000.0;30018.43;63074.38;0.0;0.0;115322.0;2007.17;2719.72;0.0;0;0.0;9.13794710098078
2025-03-24;21467501.37;12000.0;0.0;47869.4;18855.260000000002;0.0;18040.52;0.0;106758.19;0.0;118072.01;0;0.0;10.855790884101493
2025-03-31;19773455.56;4625.28;0.0;42973.52;20372.28;0.0;17936.7;0.0;28206.72;0.0;118411.76;0;0.0;11.849788881069669
2025-04-07;20246241.52;4779.03;0.0;40299.18;10306.23;0.0;0.0;0.0;20249.63;0.0;0.0;0;0.3333333333333333;12.684620991253643
2025-04-14;16532737.4;12000.0;0.0;40985.91;10427.59;263448.4;0.0;0.0;2594.1600000000003;0.0;0.0;0;0.6666666666666666;12.268613652357496
2025-04-21;18071406.58;40739.869999999995;8000.0;30848.1;75428.01;297302.76;18162.54;144727.0;2787.44;2719.36;116322.04000000001;1;0.6666666666666666;13.307999899467177
2025-04-28;23659295.96;0.0;0.0;26525.25;16249.689999999999;217082.95;27664.06;0.0;2512.27;0.0;0.0;1;0.3333333333333333;14.738695083944908
2025-05-05;22209457.88;12000.0;0.0;30810.3;11087.74;168760.95;10466.64;0.0;14283.439999999999;0.0;0.0;1;0.0;14.589718005428773
2025-05-12;20102697.07;5099.47;0.0;49203.76;18755.47;0.0;34667.770000000004;0.0;36701.59;0.0;0.0;0;0.0;14.763426158640796
2025-05-19;19147476.53;0.0;0.0;34292.38;8339.39;0.0;37420.39;0.0;32870.33;0.0;0.0;0;0.0;15.6432944606414
2025-05-26;16020564.04;39235.69;1000.0;30577.77;82587.65000000001;0.0;16902.84;0.0;18250.21;0.0;0.0;1;0.0;17.30441590429275
2025-06-02;14850732.09;30760.0;0.0;38191.45;18081.84;0.0;67912.51000000001;0.0;121440.02;0.0;107564.95;0;0.0;18.574331456720618
2025-06-09;13116904.06;0.0;0.0;27451.67;10765.09;0.0;0.0;0.0;3746.07;0.0;0.0;1;0.0;20.067470091484868
2025-06-16;9450401.52;32000.0;0.0;25879.99;19794.95;0.0;0.0;0.0;26716.019999999997;0.0;0.0;0;0.0;22.35582336382829
2025-06-23;9844527.02;8458.06;0.0;24781.38;28024.1;0.0;0.0;0.0;2761.7799999999997;0.0;0.0;0;0.0;23.796840756006837
2025-06-30;9893297.76;9742.37;0.0;19531.25;35311.02;0.0;0.0;0.0;3138.0;0.0;0.0;0;0.0;22.81649492309239
2025-07-07;9452753.45;0.0;0.0;14867.94;9676.689999999999;0.0;0.0;0.0;2633.38;0.0;0.0;0;1.0;21.48302804391577
2025-07-14;8485912.17;0.0;0.0;11708.44;10085.0;0.0;0.0;0.0;2307.34;0.0;0.0;1;1.0;21.432036835321544
2025-07-21;8080599.02;0.0;0.0;7355.14;8794.779999999999;0.0;0.0;0.0;596.34;0.0;0.0;0;1.0;20.415113592606854
2025-07-28;8850144.03;0.0;0.0;7631.85;7197.64;0.0;0.0;0.0;4456.07;0.0;0.0;0;1.0;19.960146322680014
2025-08-04;8572372.5;0.0;0.0;4647.32;7772.51;0.0;0.0;0.0;1727.75;0.0;0.0;0;1.0;22.031478629187525
2025-08-11;7352490.69;0.0;0.0;4311.4;7325.6;0.0;0.0;0.0;1528.18;0.0;0.0;1;1.0;23.587733442433578
2025-08-18;7870699.18;38.0;0.0;6327.59;7714.39;0.0;0.0;0.0;2003.46;0.0;0.0;0;1.0;21.714845997407984
2025-08-25;8064806.84;8469.95;0.0;9299.87;34863.229999999996;0.0;0.0;0.0;4285.25;0.0;0.0;0;1.0;19.584611212666896
2025-09-01;7695347.27;7148.13;0.0;7341.39;54700.77;0.0;0.0;0.0;2637.4;0.0;0.0;0;0.0;18.929783400342107
2025-09-08;7228108.54;0.0;0.0;9428.32;7214.32;0.0;0.0;0.0;3031.7200000000003;0.0;0.0;0;0.0;18.363616264337203
2025-09-15;6909559.09;0.0;0.0;7035.0;6377.69;0.0;0.0;0.0;1188.98;0.0;0.0;0;0.0;17.246886007632906
2025-09-22;8309880.06;12000.0;0.0;6771.61;7927.28;0.0;13667.52;0.0;30516.170000000002;0.0;120186.14;0;0.0;15.17360415864459
2025-09-29;9401648.52;9354.9;1000.0;8936.56;32795.21;0.0;0.0;0.0;2930.18;0.0;0.0;0;0.0;14.03391413169041
2025-10-06;8098016.96;10789.78;0.0;7828.59;43835.3;0.0;0.0;0.0;6709.91;0.0;0.0;0;0.0;14.348859260685407
2025-10-13;8257083.52;0.0;0.0;8126.66;7634.96;0.0;0.0;0.0;40756.51;0.0;0.0;0;0.0;14.20847371967655
2025-10-20;8747813.49;20092.41;6600.0;4645.58;45741.92;0.0;0.0;63384.0;1835.05;5319.1;0.0;0;1.0;13.315606950327302
2025-10-27;11573388.68;21996.68;0.0;7007.45;60903.38;0.0;0.0;0.0;6175.24;0.0;0.0;1;1.0;12.851836253369273
2025-11-03;10423601.53;43315.03;0.0;13802.22;26653.2;0.0;15106.34;0.0;119872.93;0.0;121186.98;0;0.0;12.685485656526762
2025-11-10;9218106.69;0.0;0.0;15113.14;29892.5;0.0;0.0;0.0;48557.65;0.0;0.0;1;0.0;11.2763404890258
2025-11-17;7675263.32;16596.02;0.0;9469.12;19835.09;0.0;0.0;0.0;63642.59;0.0;0.0;0;0.0;7.84884241432422
2025-11-24;10578449.29;20000.0;1000.0;13714.51;40331.229999999996;0.0;7824.51;0.0;86449.21;0.0;0.0;0;0.0;6.282073065075087
2025-12-01;12132829.13;28920.85;0.0;11049.55;27336.420000000002;0.0;26629.58;0.0;63266.95;0.0;120341.29999999999;0;0.0;8.366868020793223
2025-12-08;9748936.28;0.0;0.0;8478.2;24715.96;0.0;7447.32;0.0;2110.77;0.0;0.0;0;0.0;9.442127936080093
2025-12-15;9456164.94;0.0;0.0;6295.29;3841.65;0.0;9779.96;0.0;42580.51;0.0;0.0;0;0.0;8.607438871775125
2025-12-22;8052451.97;0.0;0.0;3410.99;1071.73;0.0;0.36;0.0;159.04;0.0;0.0;1;1.0;5.763323065075086
2025-12-29;6578514.31;0.0;0.0;2793.0;0.0;0.0;0.0;0.0;1981.44;0.0;0.0;1;1.0;2.7103268194070083
2026-01-05;6633364.34;10487.62;0.0;11277.0;2487.48;0.0;17901.47;0.0;25552.45;0.0;136041.51;0;0.0;4.014083557951483
2026-01-12;5893234.23;3237.15;0.0;11104.0;21824.309999999998;0.0;0.0;0.0;4064.45;2966.3999999999996;0.0;0;0.0;7.177113015017327
2026-01-19;5840196.64;11345.79;0.0;13592.0;28308.38;0.0;0.0;0.0;338.83;0.0;0.0;0;0.0;7.3318083365421645
2026-01-26;6747466.7;9779.87;0.0;6106.0;27562.45;0.0;0.0;0.0;549.62;0.0;0.0;0;0.0;6.937285810550636
2026-02-02;6837989.02;11412.98;1000.0;12563.0;28234.44;0.0;0.0;0.0;84624.84000000001;5237.1;0.0;0;0.0;7.927788547906713
2026-02-09;6944594.49;13159.26;0.0;10801.0;38671.35;0.0;0.0;0.0;8859.65;0.0;0.0;0;0.3333333333333333;8.287193162636198
2026-02-16;7676351.61;12500.5;0.0;10333.0;393.39;0.0;17812.46;0.0;39353.28;0.0;82015.12;0;0.6666666666666666;9.284561045226212
2026-02-23;16359708.16;62500.0;4200.0;45112.0;18964.06;0.0;0.0;0.0;55915.96;0.0;0.0;0;0.6666666666666666;10.732385926068542
2026-03-02;14583472.55;13607.39;0.0;30269.0;37926.009999999995;0.0;0.0;0.0;15752.21;5237.1;0.0;0;0.3333333333333333;11.042031671159029
2026-03-09;13837439.02;11796.42;0.0;29727.0;41333.759999999995;0.0;0.0;0.0;56326.67;0.0;0.0;0;0.0;10.164509530227184
2026-03-16;16005052.94;14364.3;3000.0;24705.0;39729.56;0.0;0.0;0.0;2087.64;14201.8;0.0;0;0.0;9.309470061609549
2026-03-23;18688809.16;33007.79;0.0;43999.0;65068.25000000001;0.0;18515.12;0.0;115311.14;1469.65;108644.16;0;0.0;8.802471601848286
2026-03-30;14249984.88;1753.18;0.0;37198.0;8063.0599999999995;0.0;0.0;0.0;1374.57;1120.5;0.0;0;0.0;10.44844291490181
2026-04-06;19214958.64;971.8;0.0;36564.0;10142.09;0.0;19426.95;0.0;0.0;0.0;116516.95000000001;1;0.3333333333333333;12.669546592221794
2026-04-13;0.0;0.0;0.0;0.0;0.0;0.0;0.0;0.0;0.0;0.0;0.0;0;0.6666666666666666;13.215996823257607
2026-04-20;0.0;0.0;0.0;0.0;0.0;0.0;0.0;0.0;0.0;0.0;0.0;0;0.6666666666666666;14.393210494427583
2026-04-27;0.0;0.0;0.0;0.0;0.0;0.0;0.0;0.0;0.0;0.0;0.0;1;0.3333333333333333;15.057320673507713
2026-05-04;0.0;0.0;0.0;0.0;0.0;0.0;0.0;0.0;0.0;0.0;0.0;1;0.0;14.299124137493681
2026-05-11;0.0;0.0;0.0;0.0;0.0;0.0;0.0;0.0;0.0;0.0;0.0;1;0.0;13.412105313823643
2026-05-18;0.0;0.0;0.0;0.0;0.0;0.0;0.0;0.0;0.0;0.0;0.0;0;0.0;17.291502214093182
2026-05-25;0.0;0.0;0.0;0.0;0.0;0.0;0.0;0.0;0.0;0.0;0.0;1;0.0;20.909041682710818
2026-06-01;0.0;0.0;0.0;0.0;0.0;0.0;0.0;0.0;0.0;0.0;0.0;0;0.0;18.768458798613782
2026-06-08;0.0;0.0;0.0;0.0;0.0;0.0;0.0;0.0;0.0;0.0;0.0;0;0.0;18.642250102002823
2026-06-15;0.0;0.0;0.0;0.0;0.0;0.0;0.0;0.0;0.0;0.0;0.0;0;0.0;21.07074496868786
2026-06-22;0.0;0.0;0.0;0.0;0.0;0.0;0.0;0.0;0.0;0.0;0.0;0;0.0;
2026-06-29;0.0;0.0;0.0;0.0;0.0;0.0;0.0;0.0;0.0;0.0;0.0;0;0.0;
2026-07-06;0.0;0.0;0.0;0.0;0.0;0.0;0.0;0.0;0.0;0.0;0.0;0;1.0;
2026-07-13;0.0;0.0;0.0;0.0;0.0;0.0;0.0;0.0;0.0;0.0;0.0;1;1.0;
2026-07-20;0.0;0.0;0.0;0.0;0.0;0.0;0.0;0.0;0.0;0.0;0.0;0;1.0;
