media,scope,date,digital_lever,supplier,support,budget,CA
SEA,national,2024-01-01,SEA,GOOGLE,GOOGLE,14547.63,8266342.37
CRM,national,2024-01-01,,,SMS,1656.67,8266342.37
Social,national,2024-01-01,SOCIAL,META,,374.09,8266342.37
CRM,national,2024-01-01,,,EMAIL,1774.58,8266342.37
CRM,national,2024-01-08,,,SMS,32081.87,5921789.61
Social,national,2024-01-08,SOCIAL,META,,299.56,5921789.61
SEA,national,2024-01-08,SEA,GOOGLE,GOOGLE,10910.43,5921789.61
CRM,national,2024-01-08,,,EMAIL,2168.74,5921789.61
Social,national,2024-01-15,SOCIAL,META,,668.11,5789965.4
Social,national,2024-01-15,SOCIAL,META,FACEBOOK ET INSTAGRAM,3033.4,5789965.4
CRM,national,2024-01-15,,,EMAIL,973.51,5789965.4
CRM,national,2024-01-15,,,SMS,596.77,5789965.4
SEA,national,2024-01-15,SEA,GOOGLE,GOOGLE,16633.13,5789965.4
E-CATALOG,national,2024-01-22,E-CATALOG,BONIAL,BONIAL,5500.0,6613415.92
Social,national,2024-01-22,SOCIAL,META,,904.52,6613415.92
CRM,national,2024-01-22,,,EMAIL,1917.56,6613415.92
CRM,national,2024-01-22,,,SMS,115.2,6613415.92
Social,national,2024-01-22,SOCIAL,META,FACEBOOK ET INSTAGRAM,8848.29,6613415.92
SEA,national,2024-01-22,SEA,GOOGLE,GOOGLE,20557.59,6613415.92
Social,national,2024-01-29,SOCIAL,META,FACEBOOK ET INSTAGRAM,8443.81,7790744.65
SEA,national,2024-01-29,SEA,GOOGLE,GOOGLE,22971.42,7790744.65
CRM,national,2024-01-29,,,EMAIL,1205.57,7790744.65
Social,national,2024-01-29,SOCIAL,META,,964.31,7790744.65
SEA,national,2024-02-05,SEA,GOOGLE,GOOGLE,15225.59,7563861.14
CRM,national,2024-02-05,,,SMS,46324.94,7563861.14
CRM,national,2024-02-05,,,EMAIL,2267.01,7563861.14
Social,national,2024-02-05,SOCIAL,META,,45.64,7563861.14
CRM,national,2024-02-12,,,SMS,9736.58,9925205.75
CRM,national,2024-02-12,,,EMAIL,956.25,9925205.75
Social,national,2024-02-12,SOCIAL,META,,280.46,9925205.75
SEA,national,2024-02-12,SEA,GOOGLE,GOOGLE,13281.11,9925205.75
CRM,national,2024-02-19,,,SMS,851.8,8442118.2
SEA,national,2024-02-19,SEA,GOOGLE,GOOGLE,13923.81,8442118.2
CRM,national,2024-02-19,,,EMAIL,3185.69,8442118.2
Social,national,2024-02-19,SOCIAL,META,,6461.9,8442118.2
E-CATALOG,national,2024-02-19,E-CATALOG,BONIAL,BONIAL,7127.0,8442118.2
Radio,national,2024-02-26,,NEXT MEDIA SOLUTIONS,RMC,16107.05,13812131.98
Radio,national,2024-02-26,,LAGARDERE PUBLICITE NEWS,EUROPE 2,3565.65,13812131.98
Radio,national,2024-02-26,,LAGARDERE PUBLICITE NEWS,RFM,7010.64,13812131.98
Radio,national,2024-02-26,,M6 PUBLICITE,FUN RADIO,7539.18,13812131.98
Audio,national,2024-02-26,AUDIO,PHOENIX,PHOENIX,6430.19,13812131.98
E-CATALOG,national,2024-02-26,E-CATALOG,BONIAL,BONIAL,1000.0,13812131.98
Radio,national,2024-02-26,,LAGARDERE PUBLICITE NEWS,EUROPE 1,4837.75,13812131.98
Radio,national,2024-02-26,,NRJ GLOBAL,RIRE ET CHANSONS,3703.87,13812131.98
Radio,national,2024-02-26,,TF1 PUBLICITE,LES INDES RADIO,26797.07,13812131.98
Social,national,2024-02-26,SOCIAL,META,,39376.67,13812131.98
Radio,national,2024-02-26,,M6 PUBLICITE,RTL2,7520.92,13812131.98
Audio,national,2024-02-26,AUDIO,PHOENIX,NRJ,1545.65,13812131.98
Radio,national,2024-02-26,,M6 PUBLICITE,M RADIO,1729.35,13812131.98
Display,national,2024-02-26,DISPLAY,VEEPEE,VEEPEE,25000.0,13812131.98
Radio,national,2024-02-26,,NRJ GLOBAL,CHERIE FM NATIONALE,6173.44,13812131.98
CRM,national,2024-02-26,,,EMAIL,2320.65,13812131.98
SEA,national,2024-02-26,SEA,GOOGLE,GOOGLE,16977.2,13812131.98
Radio,national,2024-02-26,,M6 PUBLICITE,RTL,21918.77,13812131.98
Audio,national,2024-02-26,AUDIO,PHOENIX,SPOTIFY,4835.18,13812131.98
Radio,national,2024-02-26,,NRJ GLOBAL,NOSTALGIE - LOCALE,14275.6,13812131.98
Audio,national,2024-02-26,AUDIO,PHOENIX,M6,1986.67,13812131.98
CRM,national,2024-02-26,,,SMS,54703.97,13812131.98
Audio,national,2024-03-04,AUDIO,PHOENIX,LAGARDÈRE,1526.85,15781708.43
Radio,national,2024-03-04,,NRJ GLOBAL,NOSTALGIE - LOCALE,14479.17,15781708.43
Radio,national,2024-03-04,,TF1 PUBLICITE,LES INDES RADIO,30350.13,15781708.43
CRM,national,2024-03-04,,,SMS,47043.91,15781708.43
SEA,national,2024-03-04,SEA,GOOGLE,GOOGLE,20936.96,15781708.43
Social,national,2024-03-04,SOCIAL,META,,7298.56,15781708.43
CRM,national,2024-03-04,,,COURRIER,142000.0,15781708.43
Radio,national,2024-03-04,,NEXT MEDIA SOLUTIONS,RMC,15994.83,15781708.43
Radio,national,2024-03-04,,M6 PUBLICITE,RTL2,7273.53,15781708.43
Audio,national,2024-03-04,AUDIO,PHOENIX,LES INDÉS,4669.08,15781708.43
Audio,national,2024-03-04,AUDIO,PHOENIX,NRJ,4197.77,15781708.43
Audio,national,2024-03-04,AUDIO,PHOENIX,M6,4478.01,15781708.43
Radio,national,2024-03-04,,LAGARDERE PUBLICITE NEWS,EUROPE 1,4708.64,15781708.43
CRM,national,2024-03-04,,,EMAIL,4066.53,15781708.43
Radio,national,2024-03-04,,M6 PUBLICITE,FUN RADIO,7173.43,15781708.43
Radio,national,2024-03-04,,M6 PUBLICITE,RTL,23951.74,15781708.43
Radio,national,2024-03-04,,NRJ GLOBAL,RIRE ET CHANSONS,3550.56,15781708.43
Radio,national,2024-03-04,,M6 PUBLICITE,M RADIO,1650.69,15781708.43
Radio,national,2024-03-04,,LAGARDERE PUBLICITE NEWS,RFM,7258.38,15781708.43
Radio,national,2024-03-04,,NRJ GLOBAL,CHERIE FM NATIONALE,6221.29,15781708.43
Audio,national,2024-03-04,AUDIO,PHOENIX,RMC,4046.54,15781708.43
Radio,national,2024-03-04,,LAGARDERE PUBLICITE NEWS,EUROPE 2,3539.5,15781708.43
SEA,national,2024-03-11,SEA,GOOGLE,GOOGLE,32950.93,13148902.74
CRM,national,2024-03-11,,,SMS,1183.41,13148902.74
Social,national,2024-03-11,SOCIAL,META,,9628.9,13148902.74
CRM,national,2024-03-11,,,EMAIL,2440.19,13148902.74
Social,national,2024-03-18,SOCIAL,META,,8809.47,17053776.22
CRM,national,2024-03-18,,,EMAIL,3233.82,17053776.22
CRM,national,2024-03-18,,,SMS,21313.18,17053776.22
SEA,national,2024-03-18,SEA,GOOGLE,GOOGLE,39237.17,17053776.22
Cataloguebal,national,2024-03-25,,,,156751.0,13938779.83
CRM,national,2024-03-25,,,SMS,2322.34,13938779.83
SEA,national,2024-03-25,SEA,GOOGLE,GOOGLE,35669.32,13938779.83
Social,national,2024-03-25,SOCIAL,META,,9595.89,13938779.83
CRM,national,2024-03-25,,,EMAIL,1082.36,13938779.83
Social,national,2024-03-25,SOCIAL,META,FACEBOOK ET INSTAGRAM,13693.95,13938779.83
E-CATALOG,national,2024-03-25,E-CATALOG,BONIAL,BONIAL,9300.0,13938779.83
SEA,national,2024-04-01,SEA,GOOGLE,GOOGLE,38711.9,17720323.32
Social,national,2024-04-01,SOCIAL,META,FACEBOOK ET INSTAGRAM,20005.67,17720323.32
CRM,national,2024-04-01,,,EMAIL,3315.89,17720323.32
Social,national,2024-04-01,SOCIAL,META,,10042.96,17720323.32
CRM,national,2024-04-08,,,SMS,43258.08,20326019.59
SEA,national,2024-04-08,SEA,GOOGLE,GOOGLE,41148.95,20326019.59
CRM,national,2024-04-08,,,EMAIL,1000.63,20326019.59
Social,national,2024-04-08,SOCIAL,META,,9486.46,20326019.59
SEA,national,2024-04-15,SEA,GOOGLE,GOOGLE,38276.64,16329638.0
CRM,national,2024-04-15,,,SMS,1630.2,16329638.0
Social,national,2024-04-15,SOCIAL,META,,9434.71,16329638.0
CRM,national,2024-04-15,,,EMAIL,3384.95,16329638.0
Radio,national,2024-04-22,,NRJ GLOBAL,NOSTALGIE - LOCALE,14617.74,16270039.52
Radio,national,2024-04-22,,M6 PUBLICITE,M RADIO,1628.28,16270039.52
Audio,national,2024-04-22,AUDIO,PHOENIX,SPOTIFY,6058.65,16270039.52
E-CATALOG,national,2024-04-22,E-CATALOG,BONIAL,BONIAL,10500.0,16270039.52
TV,national,2024-04-22,,NRJ RÉGIE,NRJ 12,2166.07,16270039.52
Radio,national,2024-04-22,,NRJ GLOBAL,RIRE ET CHANSONS,3650.16,16270039.52
Radio,national,2024-04-22,,M6 PUBLICITE,RTL,21109.17,16270039.52
Audio,national,2024-04-22,AUDIO,PHOENIX,RMC,2550.1,16270039.52
Audio,national,2024-04-22,AUDIO,PHOENIX,NRJ,3569.03,16270039.52
Video,national,2024-04-22,VIDEO,PHOENIX,6PLAY,5025.2,16270039.52
TV,national,2024-04-22,,TF1 PUB,LCI,3100.89,16270039.52
TV,national,2024-04-22,,TF1 PUB,TMC,5727.45,16270039.52
TV,national,2024-04-22,,M6 PUBLICITÉ,PUISSANCE TNT,17905.97,16270039.52
Audio,national,2024-04-22,AUDIO,PHOENIX,M6,2725.46,16270039.52
Radio,national,2024-04-22,,LAGARDERE PUBLICITE NEWS,EUROPE 1,4812.24,16270039.52
Audio,national,2024-04-22,AUDIO,PHOENIX,SOUNDCAST,2378.43,16270039.52
CRM,national,2024-04-22,,,SMS,10942.21,16270039.52
Cataloguebal,national,2024-04-22,,,,192264.0,16270039.52
Social,national,2024-04-22,SOCIAL,META,,11153.71,16270039.52
TV,national,2024-04-22,,M6 PUBLICITÉ,RFM TV,519.72,16270039.52
TV,national,2024-04-22,,TF1 PUB,TF1 SÉRIES FILMS,3073.16,16270039.52
TV,national,2024-04-22,,TF1 PUB,TV BREIZH,826.38,16270039.52
TV,national,2024-04-22,,M6 PUBLICITÉ,M 6,51335.39,16270039.52
TV,national,2024-04-22,,TF1 PUB,TFX,4567.41,16270039.52
CRM,national,2024-04-22,,,EMAIL,1934.9,16270039.52
Radio,national,2024-04-22,,M6 PUBLICITE,FUN RADIO,6054.95,16270039.52
TV,national,2024-04-22,,M6 PUBLICITÉ,TÉVA,1369.92,16270039.52
SEA,national,2024-04-22,SEA,GOOGLE,GOOGLE,33117.79,16270039.52
TV,national,2024-04-22,,TF1 PUB,USHUAÏA TV,31.64,16270039.52
TV,national,2024-04-22,,ALTICE MEDIA ADS & CONNECT,BFMTV MAX,4754.5,16270039.52
Radio,national,2024-04-22,,LAGARDERE PUBLICITE NEWS,RFM,7097.43,16270039.52
Video,national,2024-04-22,VIDEO,PHOENIX,MYTF1,5633.47,16270039.52
TV,national,2024-04-22,,CANAL+ BRAND SOLUTIONS,C8 STAR +,4704.3,16270039.52
TV,national,2024-04-22,,ALTICE MEDIA ADS & CONNECT,RMC2,10413.5,16270039.52
TV,national,2024-04-22,,M6 PUBLICITÉ,PARIS PREMIÈRE,2024.87,16270039.52
Radio,national,2024-04-22,,NEXT MEDIA SOLUTIONS,RMC,13622.45,16270039.52
Audio,national,2024-04-22,AUDIO,PHOENIX,LES INDÉS,2000.01,16270039.52
Radio,national,2024-04-22,,M6 PUBLICITE,RTL2,7436.33,16270039.52
Video,national,2024-04-22,VIDEO,PHOENIX,FTV,6330.89,16270039.52
TV,national,2024-04-22,,TF1 PUB,TF1,39964.51,16270039.52
Social,national,2024-04-22,SOCIAL,META,FACEBOOK ET INSTAGRAM,13859.92,16270039.52
Radio,national,2024-04-22,,NRJ GLOBAL,CHERIE FM NATIONALE,6287.69,16270039.52
Radio,national,2024-04-22,,LAGARDERE PUBLICITE NEWS,EUROPE 2,4131.35,16270039.52
TV,national,2024-04-22,,M6 PUBLICITÉ,SERIE CLUB,433.9,16270039.52
TV,national,2024-04-22,,NRJ RÉGIE,CHERIE 25,788.27,16270039.52
Radio,national,2024-04-22,,TF1 PUBLICITE,LES INDES RADIO,31108.76,16270039.52
TV,national,2024-04-29,,TF1 PUB,TV BREIZH,805.56,18919068.67
SEA,national,2024-04-29,SEA,GOOGLE,GOOGLE,47036.73,18919068.67
TV,national,2024-04-29,,M6 PUBLICITÉ,SERIE CLUB,820.07,18919068.67
CRM,national,2024-04-29,,,EMAIL,3040.48,18919068.67
TV,national,2024-04-29,,ALTICE MEDIA ADS & CONNECT,BFMTV MAX,11915.5,18919068.67
Social,national,2024-04-29,SOCIAL,META,,9582.12,18919068.67
TV,national,2024-04-29,,CANAL+ BRAND SOLUTIONS,C8 STAR +,3596.4,18919068.67
Video,national,2024-04-29,VIDEO,PHOENIX,6PLAY,8939.48,18919068.67
TV,national,2024-04-29,,M6 PUBLICITÉ,PUISSANCE TNT,21189.06,18919068.67
TV,national,2024-04-29,,M6 PUBLICITÉ,TÉVA,1515.93,18919068.67
CRM,national,2024-04-29,,,SMS,875.59,18919068.67
TV,national,2024-04-29,,TF1 PUB,TF1 SÉRIES FILMS,5966.5,18919068.67
TV,national,2024-04-29,,TF1 PUB,TFX,7042.49,18919068.67
TV,national,2024-04-29,,TF1 PUB,TF1,53595.82,18919068.67
TV,national,2024-04-29,,M6 PUBLICITÉ,PARIS PREMIÈRE,4187.15,18919068.67
TV,national,2024-04-29,,NRJ RÉGIE,NRJ 12,2849.35,18919068.67
TV,national,2024-04-29,,TF1 PUB,LCI,3583.39,18919068.67
TV,national,2024-04-29,,TF1 PUB,USHUAÏA TV,180.81,18919068.67
TV,national,2024-04-29,,NRJ RÉGIE,CHERIE 25,3814.01,18919068.67
TV,national,2024-04-29,,ALTICE MEDIA ADS & CONNECT,RMC2,20148.0,18919068.67
TV,national,2024-04-29,,TF1 PUB,TMC,11759.4,18919068.67
Video,national,2024-04-29,VIDEO,PHOENIX,FTV,11194.75,18919068.67
TV,national,2024-04-29,,M6 PUBLICITÉ,RFM TV,407.78,18919068.67
Video,national,2024-04-29,VIDEO,PHOENIX,MYTF1,11187.42,18919068.67
Social,national,2024-04-29,SOCIAL,META,FACEBOOK ET INSTAGRAM,19839.15,18919068.67
TV,national,2024-04-29,,M6 PUBLICITÉ,M 6,38648.43,18919068.67
TV,national,2024-05-06,,TF1 PUB,TF1 SÉRIES FILMS,4381.73,24029562.91
TV,national,2024-05-06,,TF1 PUB,TV BREIZH,1249.19,24029562.91
TV,national,2024-05-06,,ALTICE MEDIA ADS & CONNECT,BFMTV MAX,11924.0,24029562.91
Video,national,2024-05-06,VIDEO,PHOENIX,MYTF1,11926.97,24029562.91
TV,national,2024-05-06,,M6 PUBLICITÉ,M 6,43104.96,24029562.91
TV,national,2024-05-06,,CANAL+ BRAND SOLUTIONS,C8 STAR +,5475.75,24029562.91
TV,national,2024-05-06,,M6 PUBLICITÉ,PUISSANCE TNT,25535.87,24029562.91
TV,national,2024-05-06,,M6 PUBLICITÉ,RFM TV,432.93,24029562.91
TV,national,2024-05-06,,NRJ RÉGIE,NRJ 12,3258.76,24029562.91
SEA,national,2024-05-06,SEA,GOOGLE,GOOGLE,39015.32,24029562.91
Video,national,2024-05-06,VIDEO,PHOENIX,FTV,11960.84,24029562.91
Video,national,2024-05-06,VIDEO,PHOENIX,6PLAY,9530.54,24029562.91
TV,national,2024-05-06,,M6 PUBLICITÉ,PARIS PREMIÈRE,3394.72,24029562.91
TV,national,2024-05-06,,TF1 PUB,USHUAÏA TV,200.01,24029562.91
Social,national,2024-05-06,SOCIAL,META,,8455.86,24029562.91
CRM,national,2024-05-06,,,EMAIL,1132.11,24029562.91
TV,national,2024-05-06,,TF1 PUB,TF1,46782.99,24029562.91
TV,national,2024-05-06,,TF1 PUB,TFX,6961.38,24029562.91
CRM,national,2024-05-06,,,SMS,20292.92,24029562.91
TV,national,2024-05-06,,ALTICE MEDIA ADS & CONNECT,RMC2,23921.0,24029562.91
TV,national,2024-05-06,,M6 PUBLICITÉ,TÉVA,1466.91,24029562.91
Display,national,2024-05-06,DISPLAY,VEEPEE,VEEPEE,20000.0,24029562.91
TV,national,2024-05-06,,NRJ RÉGIE,CHERIE 25,2220.59,24029562.91
TV,national,2024-05-06,,TF1 PUB,LCI,3265.84,24029562.91
TV,national,2024-05-06,,M6 PUBLICITÉ,SERIE CLUB,608.85,24029562.91
TV,national,2024-05-06,,TF1 PUB,TMC,20360.77,24029562.91
Video,national,2024-05-13,VIDEO,PHOENIX,MYTF1,12320.34,18081092.08
TV,national,2024-05-13,,M6 PUBLICITÉ,SERIE CLUB,1640.7,18081092.08
TV,national,2024-05-13,,M6 PUBLICITÉ,PARIS PREMIÈRE,4515.5,18081092.08
TV,national,2024-05-13,,M6 PUBLICITÉ,M 6,43983.48,18081092.08
TV,national,2024-05-13,,CANAL+ BRAND SOLUTIONS,C8 STAR +,4370.1,18081092.08
TV,national,2024-05-13,,TF1 PUB,TF1 SÉRIES FILMS,7597.91,18081092.08
TV,national,2024-05-13,,M6 PUBLICITÉ,PUISSANCE TNT,25512.21,18081092.08
TV,national,2024-05-13,,ALTICE MEDIA ADS & CONNECT,RMC2,18841.5,18081092.08
TV,national,2024-05-13,,NRJ RÉGIE,CHERIE 25,1852.79,18081092.08
TV,national,2024-05-13,,NRJ RÉGIE,NRJ 12,1856.32,18081092.08
TV,national,2024-05-13,,M6 PUBLICITÉ,TÉVA,2106.31,18081092.08
TV,national,2024-05-13,,TF1 PUB,USHUAÏA TV,195.45,18081092.08
TV,national,2024-05-13,,TF1 PUB,TMC,24396.29,18081092.08
TV,national,2024-05-13,,M6 PUBLICITÉ,RFM TV,262.43,18081092.08
TV,national,2024-05-13,,TF1 PUB,TFX,10403.69,18081092.08
Social,national,2024-05-13,SOCIAL,META,,9243.12,18081092.08
Video,national,2024-05-13,VIDEO,PHOENIX,6PLAY,10037.86,18081092.08
SEA,national,2024-05-13,SEA,GOOGLE,GOOGLE,32444.91,18081092.08
TV,national,2024-05-13,,ALTICE MEDIA ADS & CONNECT,BFMTV MAX,12108.5,18081092.08
TV,national,2024-05-13,,TF1 PUB,LCI,7845.33,18081092.08
CRM,national,2024-05-13,,,EMAIL,3617.67,18081092.08
TV,national,2024-05-13,,TF1 PUB,TF1,119799.13,18081092.08
Video,national,2024-05-13,VIDEO,PHOENIX,FTV,12452.91,18081092.08
TV,national,2024-05-13,,TF1 PUB,TV BREIZH,1735.19,18081092.08
CRM,national,2024-05-13,,,SMS,6262.94,18081092.08
TV,national,2024-05-20,,NRJ RÉGIE,NRJ 12,2123.82,21333329.64
TV,national,2024-05-20,,TF1 PUB,USHUAÏA TV,113.88,21333329.64
E-CATALOG,national,2024-05-20,E-CATALOG,BONIAL,BONIAL,8434.0,21333329.64
TV,national,2024-05-20,,M6 PUBLICITÉ,PUISSANCE TNT,13607.23,21333329.64
Social,national,2024-05-20,SOCIAL,META,FACEBOOK ET INSTAGRAM,9776.15,21333329.64
TV,national,2024-05-20,,M6 PUBLICITÉ,PARIS PREMIÈRE,266.35,21333329.64
SEA,national,2024-05-20,SEA,GOOGLE,GOOGLE,30311.43,21333329.64
TV,national,2024-05-20,,M6 PUBLICITÉ,SERIE CLUB,27.22,21333329.64
TV,national,2024-05-20,,TF1 PUB,TV BREIZH,560.03,21333329.64
Social,national,2024-05-20,SOCIAL,META,,9083.03,21333329.64
TV,national,2024-05-20,,TF1 PUB,TMC,2966.46,21333329.64
Video,national,2024-05-20,VIDEO,PHOENIX,FTV,5966.72,21333329.64
TV,national,2024-05-20,,TF1 PUB,LCI,1515.49,21333329.64
CRM,national,2024-05-20,,,SMS,1366.69,21333329.64
TV,national,2024-05-20,,TF1 PUB,TF1 SÉRIES FILMS,2357.64,21333329.64
TV,national,2024-05-20,,ALTICE MEDIA ADS & CONNECT,BFMTV MAX,9482.0,21333329.64
TV,national,2024-05-20,,M6 PUBLICITÉ,M 6,27984.63,21333329.64
TV,national,2024-05-20,,CANAL+ BRAND SOLUTIONS,C8 STAR +,3414.15,21333329.64
TV,national,2024-05-20,,M6 PUBLICITÉ,RFM TV,52.7,21333329.64
TV,national,2024-05-20,,TF1 PUB,TF1,38179.14,21333329.64
TV,national,2024-05-20,,NRJ RÉGIE,CHERIE 25,1160.35,21333329.64
Video,national,2024-05-20,VIDEO,PHOENIX,MYTF1,6637.92,21333329.64
CRM,national,2024-05-20,,,EMAIL,2004.1,21333329.64
Video,national,2024-05-20,VIDEO,PHOENIX,6PLAY,4703.37,21333329.64
TV,national,2024-05-20,,M6 PUBLICITÉ,TÉVA,340.89,21333329.64
TV,national,2024-05-20,,TF1 PUB,TFX,4132.26,21333329.64
TV,national,2024-05-20,,ALTICE MEDIA ADS & CONNECT,RMC2,6506.0,21333329.64
CRM,national,2024-05-27,,,SMS,7483.81,15293479.23
Social,national,2024-05-27,SOCIAL,META,FACEBOOK ET INSTAGRAM,18663.94,15293479.23
SEA,national,2024-05-27,SEA,GOOGLE,GOOGLE,45115.22,15293479.23
CRM,national,2024-05-27,,,EMAIL,2987.18,15293479.23
Social,national,2024-05-27,SOCIAL,META,,29630.76,15293479.23
Radio,national,2024-06-03,,NRJ GLOBAL,NOSTALGIE - LOCALE,16140.15,19045960.27
Radio,national,2024-06-03,,M6 PUBLICITE,RTL,14317.85,19045960.27
Radio,national,2024-06-03,,M6 PUBLICITE,M RADIO,2185.56,19045960.27
Radio,national,2024-06-03,,NRJ GLOBAL,CHERIE FM NATIONALE,6552.35,19045960.27
Audio,national,2024-06-03,AUDIO,PHOENIX,SOUNDCAST,8295.39,19045960.27
Display,national,2024-06-03,DISPLAY,LEBONCOIN,LEBONCOIN,40000.0,19045960.27
Audio,national,2024-06-03,AUDIO,PHOENIX,RMC,5957.29,19045960.27
Radio,national,2024-06-03,,NEXT MEDIA SOLUTIONS,RMC,11246.03,19045960.27
CRM,national,2024-06-03,,,COURRIER,107000.0,19045960.27
Radio,national,2024-06-03,,NRJ GLOBAL,RIRE ET CHANSONS,4433.3,19045960.27
Social,national,2024-06-03,SOCIAL,META,,9490.58,19045960.27
Audio,national,2024-06-03,AUDIO,PHOENIX,NRJ,5959.67,19045960.27
SEA,national,2024-06-03,SEA,GOOGLE,GOOGLE,34375.14,19045960.27
CRM,national,2024-06-03,,,SMS,57447.56,19045960.27
Social,national,2024-06-03,SOCIAL,META,FACEBOOK ET INSTAGRAM,5292.0,19045960.27
Radio,national,2024-06-03,,LAGARDERE PUBLICITE NEWS,EUROPE 1,5242.34,19045960.27
Audio,national,2024-06-03,AUDIO,PHOENIX,SPOTIFY,9354.29,19045960.27
Audio,national,2024-06-03,AUDIO,PHOENIX,M6,1724.07,19045960.27
CRM,national,2024-06-03,,,EMAIL,1530.19,19045960.27
Display,national,2024-06-03,DISPLAY,PRISMA MEDIA,PRISMA MEDIA,24300.0,19045960.27
CRM,national,2024-06-10,,,SMS,501.07,12956153.07
CRM,national,2024-06-10,,,EMAIL,4547.95,12956153.07
Social,national,2024-06-10,SOCIAL,META,,8449.63,12956153.07
SEA,national,2024-06-10,SEA,GOOGLE,GOOGLE,28314.94,12956153.07
SEA,national,2024-06-17,SEA,GOOGLE,GOOGLE,23588.42,10880688.57
Social,national,2024-06-17,SOCIAL,META,FACEBOOK ET INSTAGRAM,25043.4,10880688.57
Social,national,2024-06-17,SOCIAL,META,,33311.56,10880688.57
Display,national,2024-06-17,DISPLAY,VEEPEE,VEEPEE,25000.0,10880688.57
CRM,national,2024-06-17,,,EMAIL,1744.83,10880688.57
Display,national,2024-06-17,DISPLAY,LEBONCOIN,LEBONCOIN,13000.0,10880688.57
CRM,national,2024-06-17,,,SMS,14985.93,10880688.57
E-CATALOG,national,2024-06-24,E-CATALOG,BONIAL,BONIAL,5000.0,11920096.62
Social,national,2024-06-24,SOCIAL,META,FACEBOOK ET INSTAGRAM,13259.39,11920096.62
CRM,national,2024-06-24,,,SMS,384.05,11920096.62
CRM,national,2024-06-24,,,EMAIL,4319.31,11920096.62
Social,national,2024-06-24,SOCIAL,META,,9874.53,11920096.62
SEA,national,2024-06-24,SEA,GOOGLE,GOOGLE,84095.47,11920096.62
SEA,national,2024-07-01,SEA,GOOGLE,GOOGLE,20158.97,11634435.62
CRM,national,2024-07-01,,,SMS,219.02,11634435.62
CRM,national,2024-07-01,,,EMAIL,287.0,11634435.62
Social,national,2024-07-01,SOCIAL,META,,7916.14,11634435.62
Social,national,2024-07-01,SOCIAL,META,FACEBOOK ET INSTAGRAM,13250.71,11634435.62
Social,national,2024-07-08,SOCIAL,META,,7299.59,10137620.54
CRM,national,2024-07-08,,,EMAIL,3509.89,10137620.54
Social,national,2024-07-08,SOCIAL,META,FACEBOOK ET INSTAGRAM,4743.86,10137620.54
SEA,national,2024-07-08,SEA,GOOGLE,GOOGLE,10269.62,10137620.54
SEA,national,2024-07-15,SEA,GOOGLE,GOOGLE,9412.57,9672905.57
CRM,national,2024-07-15,,,EMAIL,28.28,9672905.57
Social,national,2024-07-15,SOCIAL,META,,7756.16,9672905.57
CRM,national,2024-07-22,,,EMAIL,2324.71,8899191.77
Social,national,2024-07-22,SOCIAL,META,,7032.03,8899191.77
SEA,national,2024-07-22,SEA,GOOGLE,GOOGLE,7899.17,8899191.77
Social,national,2024-07-29,SOCIAL,META,,7871.87,8645793.33
CRM,national,2024-07-29,,,EMAIL,922.59,8645793.33
SEA,national,2024-07-29,SEA,GOOGLE,GOOGLE,7914.06,8645793.33
CRM,national,2024-08-05,,,EMAIL,2481.04,8747741.04
CRM,national,2024-08-05,,,SMS,119.33,8747741.04
SEA,national,2024-08-05,SEA,GOOGLE,GOOGLE,6278.85,8747741.04
Social,national,2024-08-05,SOCIAL,META,,7358.1,8747741.04
CRM,national,2024-08-12,,,EMAIL,25.12,8566387.63
SEA,national,2024-08-12,SEA,GOOGLE,GOOGLE,4424.88,8566387.63
Social,national,2024-08-12,SOCIAL,META,,7348.38,8566387.63
CRM,national,2024-08-19,,,SMS,195.82,8487360.45
SEA,national,2024-08-19,SEA,GOOGLE,GOOGLE,4805.83,8487360.45
CRM,national,2024-08-19,,,EMAIL,3112.01,8487360.45
Social,national,2024-08-19,SOCIAL,META,FACEBOOK ET INSTAGRAM,3359.81,8487360.45
Social,national,2024-08-19,SOCIAL,META,,7254.57,8487360.45
Social,national,2024-08-26,SOCIAL,META,,7552.68,8395405.92
CRM,national,2024-08-26,,,EMAIL,825.23,8395405.92
CRM,national,2024-08-26,,,SMS,381.51,8395405.92
Social,national,2024-08-26,SOCIAL,META,FACEBOOK ET INSTAGRAM,10360.05,8395405.92
E-CATALOG,national,2024-08-26,E-CATALOG,BONIAL,BONIAL,1000.0,8395405.92
SEA,national,2024-08-26,SEA,GOOGLE,GOOGLE,4213.08,8395405.92
Social,national,2024-09-02,SOCIAL,META,FACEBOOK ET INSTAGRAM,11278.97,8115845.36
CRM,national,2024-09-02,,,EMAIL,1427.99,8115845.36
CRM,national,2024-09-02,,,SMS,1041.38,8115845.36
SEA,national,2024-09-02,SEA,GOOGLE,GOOGLE,7104.55,8115845.36
Social,national,2024-09-02,SOCIAL,META,,8693.5,8115845.36
CRM,national,2024-09-09,,,SMS,24743.43,7989602.92
SEA,national,2024-09-09,SEA,GOOGLE,GOOGLE,5137.31,7989602.92
CRM,national,2024-09-09,,,EMAIL,2464.12,7989602.92
Social,national,2024-09-09,SOCIAL,META,,7688.84,7989602.92
SEA,national,2024-09-16,SEA,GOOGLE,GOOGLE,5289.03,7500277.45
Social,national,2024-09-16,SOCIAL,META,,7265.33,7500277.45
CRM,national,2024-09-16,,,EMAIL,2066.12,7500277.45
Radio,national,2024-09-23,,NRJ GLOBAL,RIRE ET CHANSONS,3574.96,8621231.98
Radio,national,2024-09-23,,M6 PUBLICITE,RTL2,7530.38,8621231.98
Radio,national,2024-09-23,,M6 PUBLICITE,FUN RADIO,5408.7,8621231.98
Radio,national,2024-09-23,,NRJ GLOBAL,NOSTALGIE - LOCALE,11266.02,8621231.98
Audio,national,2024-09-23,AUDIO,PHOENIX,RMC,2944.13,8621231.98
Radio,national,2024-09-23,,LAGARDERE PUBLICITE NEWS,EUROPE 1,4979.62,8621231.98
Audio,national,2024-09-23,AUDIO,PHOENIX,NRJ,2964.69,8621231.98
Radio,national,2024-09-23,,NRJ GLOBAL,CHERIE FM NATIONALE,5734.02,8621231.98
Audio,national,2024-09-23,AUDIO,PHOENIX,M6,2016.94,8621231.98
Radio,national,2024-09-23,,NEXT MEDIA SOLUTIONS,RMC,15061.91,8621231.98
Radio,national,2024-09-23,,TF1 PUBLICITE,LES INDES RADIO,29120.44,8621231.98
Radio,national,2024-09-23,,LAGARDERE PUBLICITE NEWS,RFM,5736.45,8621231.98
Audio,national,2024-09-23,AUDIO,PHOENIX,SOUNDCAST,2964.25,8621231.98
CRM,national,2024-09-23,,,SMS,19165.41,8621231.98
Radio,national,2024-09-23,,LAGARDERE PUBLICITE NEWS,EUROPE 2,3493.23,8621231.98
SEA,national,2024-09-23,SEA,GOOGLE,GOOGLE,8841.88,8621231.98
Audio,national,2024-09-23,AUDIO,PHOENIX,DEEZER,2499.26,8621231.98
CRM,national,2024-09-23,,,EMAIL,434.69,8621231.98
Audio,national,2024-09-23,AUDIO,PHOENIX,SPOTIFY,7198.38,8621231.98
Radio,national,2024-09-23,,M6 PUBLICITE,RTL,21482.12,8621231.98
Social,national,2024-09-23,SOCIAL,META,,8049.92,8621231.98
Radio,national,2024-09-23,,M6 PUBLICITE,M RADIO,2034.99,8621231.98
Audio,national,2024-09-23,AUDIO,PHOENIX,ACAST,2382.27,8621231.98
CRM,national,2024-09-30,,,SMS,268.92,8022605.57
CRM,national,2024-09-30,,,EMAIL,2289.4,8022605.57
Social,national,2024-09-30,SOCIAL,META,,8240.71,8022605.57
E-CATALOG,local,2024-09-30,E-CATALOG,BONIAL,BONIAL,8000.0,8022605.57
E-CATALOG,local,2024-09-30,E-CATALOG,FACTOR ELEVEN,FACTOR ELEVEN,10000.0,8022605.57
Display,local,2024-09-30,DISPLAY,LEBONCOIN,LEBONCOIN,19000.0,8022605.57
SEA,national,2024-09-30,SEA,GOOGLE,GOOGLE,14740.12,8022605.57
Social,local,2024-09-30,SOCIAL,META,FACEBOOK ET INSTAGRAM,8576.8,8022605.57
Social,local,2024-10-07,SOCIAL,META,FACEBOOK ET INSTAGRAM,12423.2,8028111.62
SEA,national,2024-10-07,SEA,GOOGLE,GOOGLE,12269.4,8028111.62
CRM,national,2024-10-07,,,SMS,23958.59,8028111.62
CRM,national,2024-10-07,,,EMAIL,2496.61,8028111.62
Social,national,2024-10-07,SOCIAL,META,,9594.38,8028111.62
CRM,national,2024-10-14,,,SMS,21917.97,7730461.76
SEA,national,2024-10-14,SEA,GOOGLE,GOOGLE,7317.51,7730461.76
Social,national,2024-10-14,SOCIAL,META,,9979.99,7730461.76
CRM,national,2024-10-14,,,EMAIL,2863.15,7730461.76
CRM,national,2024-10-21,,,SMS,146.32,9866542.5
CRM,national,2024-10-21,,,EMAIL,911.35,9866542.5
SEA,national,2024-10-21,SEA,GOOGLE,GOOGLE,8256.43,9866542.5
Social,national,2024-10-21,SOCIAL,META,FACEBOOK ET INSTAGRAM,8303.44,9866542.5
Social,national,2024-10-21,SOCIAL,META,,8776.81,9866542.5
Presse,local,2024-10-21,,366SAS,LA VOIX DU NORD,550.8,9866542.5
Cataloguebal,national,2024-10-21,,,,144271.0,9866542.5
CRM,national,2024-10-28,,,EMAIL,2980.19,12599056.59
Social,national,2024-10-28,SOCIAL,META,FACEBOOK ET INSTAGRAM,11696.52,12599056.59
SEA,national,2024-10-28,SEA,GOOGLE,GOOGLE,9467.08,12599056.59
Social,national,2024-10-28,SOCIAL,META,,9288.44,12599056.59
CRM,national,2024-10-28,,,SMS,516.42,12599056.59
Radio,national,2024-11-04,,NRJ GLOBAL,RIRE ET CHANSONS,3402.14,10993654.4
Radio,national,2024-11-04,,M6 PUBLICITE,FUN RADIO,5804.7,10993654.4
Audio,national,2024-11-04,AUDIO,PHOENIX,M6,2964.71,10993654.4
Audio,national,2024-11-04,AUDIO,PHOENIX,ACAST,2392.7,10993654.4
Radio,national,2024-11-04,,NRJ GLOBAL,NOSTALGIE - LOCALE,11155.35,10993654.4
Radio,national,2024-11-04,,NEXT MEDIA SOLUTIONS,RMC,15135.89,10993654.4
Radio,national,2024-11-04,,LAGARDERE PUBLICITE NEWS,RFM,7471.21,10993654.4
Audio,national,2024-11-04,AUDIO,PHOENIX,SOUNDCAST,2607.63,10993654.4
Social,national,2024-11-04,SOCIAL,META,,10863.22,10993654.4
Radio,national,2024-11-04,,LAGARDERE PUBLICITE NEWS,EUROPE 1,5391.12,10993654.4
Audio,national,2024-11-04,AUDIO,PHOENIX,DEEZER,2425.62,10993654.4
Audio,national,2024-11-04,AUDIO,PHOENIX,SPOTIFY,3998.28,10993654.4
Audio,national,2024-11-04,AUDIO,PHOENIX,NRJ,3557.52,10993654.4
Radio,national,2024-11-04,,LAGARDERE PUBLICITE NEWS,EUROPE 2,3497.78,10993654.4
CRM,national,2024-11-04,,,EMAIL,1875.71,10993654.4
Radio,national,2024-11-04,,M6 PUBLICITE,RTL2,7134.6,10993654.4
Audio,national,2024-11-04,AUDIO,PHOENIX,RMC,2978.41,10993654.4
Radio,national,2024-11-04,,NRJ GLOBAL,CHERIE FM NATIONALE,5684.21,10993654.4
CRM,national,2024-11-04,,,COURRIER,74000.0,10993654.4
Radio,national,2024-11-04,,TF1 PUBLICITE,LES INDES RADIO,27864.95,10993654.4
SEA,national,2024-11-04,SEA,GOOGLE,GOOGLE,16560.89,10993654.4
Radio,national,2024-11-04,,M6 PUBLICITE,M RADIO,1984.77,10993654.4
CRM,national,2024-11-04,,,SMS,51498.71,10993654.4
Radio,national,2024-11-04,,M6 PUBLICITE,RTL,21509.95,10993654.4
SEA,national,2024-11-11,SEA,GOOGLE,GOOGLE,18418.66,9424598.03
CRM,national,2024-11-11,,,SMS,551.76,9424598.03
Display,national,2024-11-11,DISPLAY,BONIAL,BONIAL,1000.0,9424598.03
Social,national,2024-11-11,SOCIAL,META,,9575.72,9424598.03
CRM,national,2024-11-11,,,EMAIL,2115.27,9424598.03
SEA,national,2024-11-18,SEA,GOOGLE,GOOGLE,13956.77,7854938.04
Social,national,2024-11-18,SOCIAL,META,FACEBOOK ET INSTAGRAM,8059.36,7854938.04
CRM,national,2024-11-18,,,EMAIL,4097.04,7854938.04
Social,national,2024-11-18,SOCIAL,META,,9162.97,7854938.04
CRM,national,2024-11-18,,,SMS,89140.59,7854938.04
CRM,national,2024-11-25,,,SMS,25783.2,11446831.44
Social,national,2024-11-25,SOCIAL,META,FACEBOOK ET INSTAGRAM,17821.14,11446831.44
CRM,national,2024-11-25,,,EMAIL,1927.89,11446831.44
Social,national,2024-11-25,SOCIAL,META,,9382.2,11446831.44
Display,national,2024-11-25,DISPLAY,SHOWROOM PRIVE,SHOWROOM PRIVE,20000.0,11446831.44
SEA,national,2024-11-25,SEA,GOOGLE,GOOGLE,24431.36,11446831.44
Radio,national,2024-12-02,,M6 PUBLICITE,FUN RADIO,5213.34,12367060.66
Audio,national,2024-12-02,AUDIO,PHOENIX,DEEZER,6022.56,12367060.66
Radio,national,2024-12-02,,NRJ GLOBAL,CHERIE FM NATIONALE,5885.38,12367060.66
Radio,national,2024-12-02,,TF1 PUBLICITE,LES INDES RADIO,29402.26,12367060.66
Audio,national,2024-12-02,AUDIO,PHOENIX,RMC,3893.64,12367060.66
Radio,national,2024-12-02,,NEXT MEDIA SOLUTIONS,RMC,15073.66,12367060.66
Radio,national,2024-12-02,,NRJ GLOBAL,NOSTALGIE - LOCALE,11199.99,12367060.66
Audio,national,2024-12-02,AUDIO,PHOENIX,M6,3559.68,12367060.66
SEA,national,2024-12-02,SEA,GOOGLE,GOOGLE,22788.1,12367060.66
Radio,national,2024-12-02,,LAGARDERE PUBLICITE NEWS,EUROPE 1,5143.9,12367060.66
Radio,national,2024-12-02,,M6 PUBLICITE,RTL,20191.01,12367060.66
Audio,national,2024-12-02,AUDIO,PHOENIX,NRJ,4635.56,12367060.66
CRM,national,2024-12-02,,,SMS,27019.64,12367060.66
Radio,national,2024-12-02,,M6 PUBLICITE,RTL2,7689.0,12367060.66
CRM,national,2024-12-02,,,EMAIL,4165.6,12367060.66
Radio,national,2024-12-02,,LAGARDERE PUBLICITE NEWS,EUROPE 2,3639.73,12367060.66
Radio,national,2024-12-02,,NRJ GLOBAL,RIRE ET CHANSONS,3402.14,12367060.66
Radio,national,2024-12-02,,M6 PUBLICITE,M RADIO,2046.69,12367060.66
Social,national,2024-12-02,SOCIAL,META,FACEBOOK ET INSTAGRAM,5318.08,12367060.66
Audio,national,2024-12-02,AUDIO,PHOENIX,SOUNDCAST,3564.84,12367060.66
Social,national,2024-12-02,SOCIAL,META,,11004.37,12367060.66
Radio,national,2024-12-02,,LAGARDERE PUBLICITE NEWS,RFM,7322.93,12367060.66
Audio,national,2024-12-02,AUDIO,PHOENIX,ACAST,2337.18,12367060.66
CRM,national,2024-12-09,,,EMAIL,2091.03,9763509.89
Audio,national,2024-12-09,AUDIO,PHOENIX,DEEZER,0.24,9763509.89
Social,national,2024-12-09,SOCIAL,META,FACEBOOK ET INSTAGRAM,1726.71,9763509.89
SEA,national,2024-12-09,SEA,GOOGLE,GOOGLE,9634.08,9763509.89
CRM,national,2024-12-09,,,SMS,397.91,9763509.89
Social,national,2024-12-09,SOCIAL,META,,10592.42,9763509.89
CRM,national,2024-12-16,,,EMAIL,1828.69,9825010.71
Social,national,2024-12-16,SOCIAL,META,,4760.08,9825010.71
SEA,national,2024-12-16,SEA,GOOGLE,GOOGLE,7607.56,9825010.71
CRM,national,2024-12-16,,,SMS,25391.32,9825010.71
Social,national,2024-12-16,SOCIAL,META,FACEBOOK ET INSTAGRAM,777.3,9825010.71
CRM,national,2024-12-23,,,SMS,674.16,7773477.78
SEA,national,2024-12-23,SEA,GOOGLE,GOOGLE,5923.2,7773477.78
Social,national,2024-12-23,SOCIAL,META,,3180.09,7773477.78
CRM,national,2024-12-23,,,EMAIL,12.42,7773477.78
Social,national,2024-12-30,SOCIAL,META,,1450.14,7032603.42
CRM,national,2024-12-30,,,EMAIL,3153.81,7032603.42
CRM,national,2024-12-30,,,SMS,13621.71,7032603.42
SEA,national,2024-12-30,SEA,GOOGLE,GOOGLE,7666.61,7032603.42
SEA,national,2025-01-06,SEA,GOOGLE,GOOGLE,20946.22,6177499.6
CRM,national,2025-01-06,,,SMS,1317.95,6177499.6
Social,local,2025-01-06,SOCIAL,META,,46011.63,6177499.6
E-CATALOG,national,2025-01-06,E-CATALOG,BONIAL,BONIAL,1000.0,6177499.6
CRM,national,2025-01-06,,,EMAIL,2560.62,6177499.6
Social,national,2025-01-06,SOCIAL,META,,7543.01,6177499.6
Display,local,2025-01-06,DISPLAY,XANDR,,19713.83,6177499.6
Social,national,2025-01-06,SOCIAL,META,FACEBOOK ET INSTAGRAM,1660.55,6177499.6
Display,local,2025-01-13,DISPLAY,XANDR,,3129.72,5810336.42
Social,national,2025-01-13,SOCIAL,META,FACEBOOK ET INSTAGRAM,4269.12,5810336.42
Social,national,2025-01-13,SOCIAL,META,,8655.28,5810336.42
CRM,national,2025-01-13,,,EMAIL,13.54,5810336.42
CRM,national,2025-01-13,,,SMS,329.08,5810336.42
Social,local,2025-01-13,SOCIAL,META,,7301.07,5810336.42
SEA,national,2025-01-13,SEA,GOOGLE,GOOGLE,11447.58,5810336.42
Social,national,2025-01-20,SOCIAL,META,,9063.46,7197764.73
Radio,national,2025-01-20,,LAGARDERE PUBLICITE NEWS,EUROPE 1,3772.66,7197764.73
Radio,national,2025-01-20,,LAGARDERE PUBLICITE NEWS,EUROPE 2,2152.99,7197764.73
Radio,national,2025-01-20,,M6 PUBLICITE,FUN RADIO,7865.37,7197764.73
Audio,national,2025-01-20,AUDIO,PHOENIX,RMC,4677.96,7197764.73
Radio,national,2025-01-20,,LAGARDERE PUBLICITE NEWS,RADIO NOVA,1666.47,7197764.73
Radio,national,2025-01-20,,M6 PUBLICITE,RTL,14426.4,7197764.73
SEA,national,2025-01-20,SEA,GOOGLE,GOOGLE,18780.42,7197764.73
Radio,national,2025-01-20,,TF1 PUBLICITE,LES INDES FLEX,2911.9,7197764.73
Audio,national,2025-01-20,AUDIO,PHOENIX,M6,2085.76,7197764.73
Radio,national,2025-01-20,,NRJ GLOBAL,NOSTALGIE NATIONALE,12427.59,7197764.73
Radio,national,2025-01-20,,LAGARDERE PUBLICITE NEWS,RFM,3925.34,7197764.73
Audio,national,2025-01-20,AUDIO,PHOENIX,NRJ,5972.4,7197764.73
Radio,national,2025-01-20,,M6 PUBLICITE,RTL2,6488.97,7197764.73
Audio,national,2025-01-20,AUDIO,PHOENIX,SOUNDCAST,3090.67,7197764.73
Radio,national,2025-01-20,,NRJ GLOBAL,NRJ NATIONALE,12096.24,7197764.73
Radio,national,2025-01-20,,NRJ GLOBAL,CHERIE FM NATIONALE,4261.44,7197764.73
Radio,national,2025-01-20,,NEXT MEDIA SOLUTIONS,RMC,13803.19,7197764.73
Social,national,2025-01-20,SOCIAL,META,FACEBOOK ET INSTAGRAM,4070.32,7197764.73
Audio,national,2025-01-20,AUDIO,PHOENIX,LAGARDÈRE,868.11,7197764.73
CRM,national,2025-01-20,,,SMS,19381.66,7197764.73
Radio,national,2025-01-20,,TF1 PUBLICITE,LES INDES RADIO,17098.3,7197764.73
CRM,national,2025-01-20,,,EMAIL,4673.31,7197764.73
CRM,national,2025-01-27,,,EMAIL,3261.47,6585638.77
Social,national,2025-01-27,SOCIAL,META,,7861.17,6585638.77
SEA,national,2025-01-27,SEA,GOOGLE,GOOGLE,28261.16,6585638.77
CRM,national,2025-01-27,,,SMS,253.9,6585638.77
CRM,national,2025-02-03,,,EMAIL,4120.18,6716929.34
Display,local,2025-02-03,DISPLAY,XANDR,,23885.45,6716929.34
CRM,national,2025-02-03,,,SMS,63375.68,6716929.34
Social,local,2025-02-03,SOCIAL,META,,55732.89,6716929.34
SEA,national,2025-02-03,SEA,GOOGLE,GOOGLE,25138.56,6716929.34
Social,national,2025-02-03,SOCIAL,META,,7794.54,6716929.34
E-CATALOG,national,2025-02-03,E-CATALOG,BONIAL,BONIAL,1000.0,6716929.34
Social,national,2025-02-10,SOCIAL,META,,8286.24,8119505.33
SEA,national,2025-02-10,SEA,GOOGLE,GOOGLE,15017.26,8119505.33
CRM,national,2025-02-10,,,SMS,358.64,8119505.33
CRM,national,2025-02-10,,,EMAIL,1505.31,8119505.33
SEA,national,2025-02-17,SEA,GOOGLE,GOOGLE,18382.62,9184098.97
CRM,national,2025-02-17,,,EMAIL,1332.01,9184098.97
CRM,national,2025-02-17,,,SMS,36402.27,9184098.97
Social,national,2025-02-17,SOCIAL,META,,8876.45,9184098.97
Social,local,2025-02-24,SOCIAL,META,,68438.28,14051384.7
E-CATALOG,national,2025-02-24,E-CATALOG,BONIAL,BONIAL,2000.0,14051384.7
SEA,national,2025-02-24,SEA,GOOGLE,GOOGLE,23430.01,14051384.7
Social,national,2025-02-24,SOCIAL,META,,7159.56,14051384.7
Social,national,2025-02-24,SOCIAL,META,FACEBOOK ET INSTAGRAM,27848.35,14051384.7
Audio,national,2025-02-24,AUDIO,M6,M6,2760.0,14051384.7
CRM,national,2025-02-24,,,EMAIL,4615.03,14051384.7
Display,national,2025-02-24,DISPLAY,SHOWROOM PRIVE,SHOWROOM PRIVE,20000.0,14051384.7
CRM,national,2025-02-24,,,SMS,65561.4,14051384.7
Display,local,2025-02-24,DISPLAY,XANDR,,29338.47,14051384.7
CRM,national,2025-03-03,,,SMS,72835.46,14213273.75
CRM,national,2025-03-03,,,EMAIL,4337.06,14213273.75
Social,national,2025-03-03,SOCIAL,META,,8136.57,14213273.75
SEA,national,2025-03-03,SEA,GOOGLE,GOOGLE,27572.4,14213273.75
Social,national,2025-03-03,SOCIAL,META,FACEBOOK ET INSTAGRAM,5894.84,14213273.75
CRM,national,2025-03-10,,,SMS,16359.98,11614767.68
CRM,national,2025-03-10,,,EMAIL,2359.64,11614767.68
Social,national,2025-03-10,SOCIAL,META,,8751.89,11614767.68
SEA,national,2025-03-10,SEA,GOOGLE,GOOGLE,23468.74,11614767.68
Display,national,2025-03-17,DISPLAY,LEBONCOIN,LEBONCOIN,12000.0,13663943.87
CRM,national,2025-03-17,,,SMS,860.97,13663943.87
Social,national,2025-03-17,SOCIAL,META,,8676.31,13663943.87
Cataloguebal,national,2025-03-17,,,,115322.0,13663943.87
Presse,local,2025-03-17,,366SAS,MIDI LIBRE,528.7,13663943.87
Presse,local,2025-03-17,,366SAS,L INDEPENDANT,1128.8,13663943.87
E-CATALOG,national,2025-03-17,E-CATALOG,BONIAL,BONIAL,10000.0,13663943.87
Presse,local,2025-03-17,,366SAS,L'YONNE REPUBLICAINE,151.56,13663943.87
SEA,national,2025-03-17,SEA,GOOGLE,GOOGLE,30018.43,13663943.87
Presse,local,2025-03-17,,366SAS,OUEST FRANCE,910.66,13663943.87
Social,national,2025-03-17,SOCIAL,META,FACEBOOK ET INSTAGRAM,7300.72,13663943.87
Social,local,2025-03-17,SOCIAL,META,,47097.35,13663943.87
Display,local,2025-03-17,DISPLAY,XANDR,,23744.53,13663943.87
CRM,national,2025-03-17,,,EMAIL,1146.2,13663943.87
Social,national,2025-03-24,SOCIAL,META,FACEBOOK ET INSTAGRAM,9699.28,21467501.37
Audio,national,2025-03-24,AUDIO,PHOENIX,DEEZER,5095.94,21467501.37
Audio,national,2025-03-24,AUDIO,PHOENIX,NRJ,3094.47,21467501.37
Audio,national,2025-03-24,AUDIO,PHOENIX,M6,2375.26,21467501.37
CRM,national,2025-03-24,,,COURRIER,52000.0,21467501.37
Audio,national,2025-03-24,AUDIO,PHOENIX,ACAST,1753.07,21467501.37
Display,national,2025-03-24,DISPLAY,LEBONCOIN,LEBONCOIN,12000.0,21467501.37
Radio,national,2025-03-24,,NRJ GLOBAL,CHERIE FM NATIONALE,3954.83,21467501.37
Radio,national,2025-03-24,,TF1 PUBLICITE,LES INDES RADIO,28982.6,21467501.37
Radio,national,2025-03-24,,M6 PUBLICITE,RTL,18377.9,21467501.37
Radio,national,2025-03-24,,LAGARDERE PUBLICITE NEWS,EUROPE 1,3515.21,21467501.37
Radio,national,2025-03-24,,NRJ GLOBAL,NRJ NATIONALE,9060.71,21467501.37
Radio,national,2025-03-24,,LAGARDERE PUBLICITE NEWS,RFM,4304.38,21467501.37
Radio,national,2025-03-24,,NRJ GLOBAL,NOSTALGIE NATIONALE,12692.64,21467501.37
Audio,national,2025-03-24,AUDIO,PHOENIX,RMC,3937.79,21467501.37
Radio,national,2025-03-24,,LAGARDERE PUBLICITE NEWS,RADIO NOVA,1776.51,21467501.37
Radio,national,2025-03-24,,M6 PUBLICITE,RTL2,10264.63,21467501.37
CRM,national,2025-03-24,,,EMAIL,2508.27,21467501.37
Radio,national,2025-03-24,,NEXT MEDIA SOLUTIONS,RMC,12521.22,21467501.37
affichage,local,2025-03-24,,CITYZ MEDIA,CLEAR CHANNEL,2072.0,21467501.37
Social,national,2025-03-24,SOCIAL,META,,9155.98,21467501.37
Radio,national,2025-03-24,,NRJ GLOBAL,RIRE ET CHANSONS,4073.82,21467501.37
Radio,national,2025-03-24,,M6 PUBLICITE,FUN RADIO,8547.56,21467501.37
Audio,national,2025-03-24,AUDIO,PHOENIX,SOUNDCAST,1783.99,21467501.37
SEA,national,2025-03-24,SEA,GOOGLE,GOOGLE,47869.4,21467501.37
CRM,national,2025-03-24,,,SMS,52249.92,21467501.37
Radio,national,2025-03-31,,NRJ GLOBAL,CHERIE FM NATIONALE,4349.33,19773455.56
Audio,national,2025-03-31,AUDIO,PHOENIX,NRJ,2614.54,19773455.56
Radio,national,2025-03-31,,M6 PUBLICITE,RTL2,7810.33,19773455.56
Display,local,2025-03-31,DISPLAY,XANDR,,4625.28,19773455.56
Audio,national,2025-03-31,AUDIO,PHOENIX,M6,2547.97,19773455.56
Radio,national,2025-03-31,,LAGARDERE PUBLICITE NEWS,RFM,6922.4,19773455.56
SEA,national,2025-03-31,SEA,GOOGLE,GOOGLE,42973.52,19773455.56
Radio,national,2025-03-31,,LAGARDERE PUBLICITE NEWS,RADIO NOVA,2449.61,19773455.56
CRM,national,2025-03-31,,,SMS,25881.5,19773455.56
CRM,national,2025-03-31,,,EMAIL,2325.22,19773455.56
Audio,national,2025-03-31,AUDIO,PHOENIX,RMC,3270.96,19773455.56
Social,national,2025-03-31,SOCIAL,META,,9580.66,19773455.56
Radio,national,2025-03-31,,M6 PUBLICITE,RTL,17161.5,19773455.56
Radio,national,2025-03-31,,NEXT MEDIA SOLUTIONS,RMC,12625.56,19773455.56
Audio,national,2025-03-31,AUDIO,PHOENIX,DEEZER,4812.36,19773455.56
Radio,national,2025-03-31,,M6 PUBLICITE,FUN RADIO,8489.0,19773455.56
Social,local,2025-03-31,SOCIAL,META,,10791.62,19773455.56
Radio,national,2025-03-31,,TF1 PUBLICITE,LES INDES RADIO,27638.1,19773455.56
Radio,national,2025-03-31,,LAGARDERE PUBLICITE NEWS,EUROPE 1,5635.34,19773455.56
Audio,national,2025-03-31,AUDIO,PHOENIX,SOUNDCAST,2378.64,19773455.56
Radio,national,2025-03-31,,NRJ GLOBAL,NRJ NATIONALE,10260.68,19773455.56
Audio,national,2025-03-31,AUDIO,PHOENIX,ACAST,2312.23,19773455.56
Radio,national,2025-03-31,,NRJ GLOBAL,NOSTALGIE NATIONALE,11203.71,19773455.56
Radio,national,2025-03-31,,NRJ GLOBAL,RIRE ET CHANSONS,3866.2,19773455.56
CRM,national,2025-04-07,,,SMS,18343.15,20246241.52
Social,national,2025-04-07,SOCIAL,META,FACEBOOK ET INSTAGRAM,1820.18,20246241.52
SEA,national,2025-04-07,SEA,GOOGLE,GOOGLE,40299.18,20246241.52
Display,national,2025-04-07,DISPLAY,PHOENIX,PHOENIX,4779.03,20246241.52
CRM,national,2025-04-07,,,EMAIL,1906.48,20246241.52
Social,national,2025-04-07,SOCIAL,META,,8486.05,20246241.52
TV,national,2025-04-14,,TF1 PUB,TV BREIZH,1246.64,16532737.4
TV,national,2025-04-14,,FRANCE TÉLÉVISION PUBLICITÉ,MUSEUM TV,103.5,16532737.4
TV,national,2025-04-14,,ALTICE MEDIA ADS & CONNECT,RMC2,11246.5,16532737.4
TV,national,2025-04-14,,FRANCE TÉLÉVISION PUBLICITÉ,FRANCE 3,7600.07,16532737.4
TV,national,2025-04-14,,FRANCE TÉLÉVISION PUBLICITÉ,WARNER TV,275.73,16532737.4
TV,national,2025-04-14,,FRANCE TÉLÉVISION PUBLICITÉ,SPORT EN FRANCE,74.25,16532737.4
TV,national,2025-04-14,,TF1 PUB,TMC,18168.16,16532737.4
TV,national,2025-04-14,,FRANCE TÉLÉVISIONS PUBLICITÉ,WARNER TV NEXT,196.77,16532737.4
TV,national,2025-04-14,,M6 PUBLICITÉ,TÉVA,1197.85,16532737.4
Display,national,2025-04-14,DISPLAY,LEBONCOIN,LEBONCOIN,12000.0,16532737.4
TV,national,2025-04-14,,TF1 PUB,TF1,67252.69,16532737.4
TV,national,2025-04-14,,FRANCE TÉLÉVISION PUBLICITÉ,FRANCE 24,165.6,16532737.4
Social,national,2025-04-14,SOCIAL,META,FACEBOOK ET INSTAGRAM,1581.53,16532737.4
TV,national,2025-04-14,,TF1 PUB,USHUAÏA TV,189.93,16532737.4
TV,national,2025-04-14,,FRANCE TÉLÉVISION PUBLICITÉ,13 ÈME RUE,803.16,16532737.4
TV,national,2025-04-14,,FRANCE TÉLÉVISION PUBLICITÉ,FRANCE 5,5772.55,16532737.4
CRM,national,2025-04-14,,,SMS,325.05,16532737.4
CRM,national,2025-04-14,,,EMAIL,2269.11,16532737.4
Social,national,2025-04-14,SOCIAL,META,,8846.06,16532737.4
TV,national,2025-04-14,,M6 PUBLICITÉ,SERIE CLUB,176.86,16532737.4
TV,national,2025-04-14,,CANAL+ BRAND SOLUTIONS,RTL 9,678.15,16532737.4
TV,national,2025-04-14,,CANAL+ BRAND SOLUTIONS,DISCOVERY CHANNEL,148.94,16532737.4
TV,national,2025-04-14,,CANAL+ BRAND SOLUTIONS,PLANÈTE +,209.49,16532737.4
TV,national,2025-04-14,,FRANCE TÉLÉVISIONS PUBLICITÉ,LE FIGARO TV,118.8,16532737.4
TV,national,2025-04-14,,FRANCE TÉLÉVISION PUBLICITÉ,NATIONAL GEOGRAPHIC CHANNEL,339.3,16532737.4
SEA,national,2025-04-14,SEA,GOOGLE,GOOGLE,40985.91,16532737.4
TV,national,2025-04-14,,ALTICE MEDIA ADS & CONNECT,BFMTV MAX,18734.0,16532737.4
TV,national,2025-04-14,,CANAL+ BRAND SOLUTIONS,COMÉDIE +,225.04,16532737.4
TV,national,2025-04-14,,TF1 PUB,TF1 SÉRIES FILMS,3611.63,16532737.4
TV,national,2025-04-14,,M6 PUBLICITÉ,RFM TV,495.12,16532737.4
TV,national,2025-04-14,,M6 PUBLICITÉ,M 6,61418.32,16532737.4
TV,national,2025-04-14,,TF1 PUB,TFX,9159.34,16532737.4
TV,national,2025-04-14,,CANAL+ BRAND SOLUTIONS,DISCOVERY INVESTIGATION,246.44,16532737.4
TV,national,2025-04-14,,M6 PUBLICITÉ,PUISSANCE TNT,17484.75,16532737.4
TV,national,2025-04-14,,FRANCE TÉLÉVISION PUBLICITÉ,SYFY,676.77,16532737.4
TV,national,2025-04-14,,FRANCE TÉLÉVISION PUBLICITÉ,TÉLÉ MÉLODY,76.5,16532737.4
TV,national,2025-04-14,,FRANCE TÉLÉVISION PUBLICITÉ,FRANCE 2,13276.9,16532737.4
TV,national,2025-04-14,,FRANCE TÉLÉVISION PUBLICITÉ,TV5,103.65,16532737.4
TV,national,2025-04-14,,TF1 PUB,LCI,7881.59,16532737.4
TV,national,2025-04-14,,M6 PUBLICITÉ,PARIS PREMIÈRE,3148.01,16532737.4
TV,national,2025-04-14,,CANAL+ BRAND SOLUTIONS,CANAL+STAR,4077.27,16532737.4
TV,national,2025-04-14,,NRJ RÉGIE,CHERIE 25,6868.13,16532737.4
Audio,national,2025-04-21,AUDIO,PHOENIX,NRJ,2614.57,18071406.58
TV,national,2025-04-21,,FRANCE TÉLÉVISION PUBLICITÉ,TÉLÉ MÉLODY,128.7,18071406.58
Audio,national,2025-04-21,AUDIO,PHOENIX,M6,2606.98,18071406.58
TV,national,2025-04-21,,ALTICE MEDIA ADS & CONNECT,BFMTV MAX,12566.0,18071406.58
Display,local,2025-04-21,DISPLAY,XANDR,,28739.87,18071406.58
Radio,national,2025-04-21,,LAGARDERE PUBLICITE NEWS,RFM,4428.68,18071406.58
Display,national,2025-04-21,DISPLAY,LEBONCOIN,LEBONCOIN,12000.0,18071406.58
TV,national,2025-04-21,,TF1 PUB,TV BREIZH,1843.3,18071406.58
Radio,national,2025-04-21,,M6 PUBLICITE,FUN RADIO,8927.92,18071406.58
E-CATALOG,national,2025-04-21,E-CATALOG,BONIAL,BONIAL,8000.0,18071406.58
Audio,national,2025-04-21,AUDIO,PHOENIX,ACAST,1766.76,18071406.58
TV,national,2025-04-21,,FRANCE TÉLÉVISION PUBLICITÉ,13 ÈME RUE,696.36,18071406.58
Radio,national,2025-04-21,,M6 PUBLICITE,RTL,18377.9,18071406.58
Presse,local,2025-04-21,,366SAS,L INDEPENDANT,1128.8,18071406.58
TV,national,2025-04-21,,TF1 PUB,TF1,72421.33,18071406.58
TV,national,2025-04-21,,CANAL+ BRAND SOLUTIONS,COMÉDIE +,192.4,18071406.58
TV,national,2025-04-21,,TF1 PUB,LCI,5972.34,18071406.58
TV,national,2025-04-21,,CANAL+ BRAND SOLUTIONS,RTL 9,664.52,18071406.58
TV,national,2025-04-21,,CANAL+ BRAND SOLUTIONS,CANAL+STAR,2352.27,18071406.58
TV,national,2025-04-21,,FRANCE TÉLÉVISION PUBLICITÉ,FRANCE 2,16521.4,18071406.58
Presse,local,2025-04-21,,366SAS,Midi Libre - Alès Cévennes,528.7,18071406.58
TV,national,2025-04-21,,TF1 PUB,TF1 SÉRIES FILMS,2554.68,18071406.58
TV,national,2025-04-21,,TF1 PUB,USHUAÏA TV,226.3,18071406.58
Radio,national,2025-04-21,,LAGARDERE PUBLICITE NEWS,EUROPE 1,3623.53,18071406.58
TV,national,2025-04-21,,FRANCE TÉLÉVISIONS PUBLICITÉ,WARNER TV NEXT,727.8,18071406.58
Radio,national,2025-04-21,,LAGARDERE PUBLICITE NEWS,RADIO NOVA,1767.61,18071406.58
TV,national,2025-04-21,,M6 PUBLICITÉ,RFM TV,331.57,18071406.58
TV,national,2025-04-21,,FRANCE TÉLÉVISION PUBLICITÉ,SPORT EN FRANCE,45.0,18071406.58
TV,national,2025-04-21,,CANAL+ BRAND SOLUTIONS,PLANÈTE +,219.92,18071406.58
Social,national,2025-04-21,SOCIAL,META,FACEBOOK ET INSTAGRAM,5359.44,18071406.58
TV,national,2025-04-21,,CANAL+ BRAND SOLUTIONS,DISCOVERY CHANNEL,124.4,18071406.58
TV,national,2025-04-21,,TF1 PUB,TFX,13115.82,18071406.58
TV,national,2025-04-21,,NRJ RÉGIE,CHERIE 25,5154.85,18071406.58
Radio,national,2025-04-21,,NRJ GLOBAL,NRJ NATIONALE,9195.09,18071406.58
TV,national,2025-04-21,,M6 PUBLICITÉ,PARIS PREMIÈRE,3928.07,18071406.58
TV,national,2025-04-21,,FRANCE TÉLÉVISION PUBLICITÉ,TV5,259.38,18071406.58
TV,national,2025-04-21,,M6 PUBLICITÉ,TÉVA,2567.8,18071406.58
TV,national,2025-04-21,,CANAL+ BRAND SOLUTIONS,DISCOVERY INVESTIGATION,326.87,18071406.58
TV,national,2025-04-21,,FRANCE TÉLÉVISION PUBLICITÉ,NATIONAL GEOGRAPHIC CHANNEL,544.65,18071406.58
TV,national,2025-04-21,,M6 PUBLICITÉ,M 6,97528.82,18071406.58
TV,national,2025-04-21,,FRANCE TÉLÉVISION PUBLICITÉ,SYFY,550.86,18071406.58
Radio,national,2025-04-21,,NRJ GLOBAL,RIRE ET CHANSONS,4073.82,18071406.58
TV,national,2025-04-21,,FRANCE TÉLÉVISION PUBLICITÉ,WARNER TV,370.95,18071406.58
Radio,national,2025-04-21,,NRJ GLOBAL,NOSTALGIE NATIONALE,12578.25,18071406.58
TV,national,2025-04-21,,FRANCE TÉLÉVISION PUBLICITÉ,FRANCE 3,5103.16,18071406.58
Radio,national,2025-04-21,,M6 PUBLICITE,RTL2,10409.03,18071406.58
TV,national,2025-04-21,,ALTICE MEDIA ADS & CONNECT,RMC2,9288.0,18071406.58
Radio,national,2025-04-21,,TF1 PUBLICITE,LES INDES RADIO,25525.9,18071406.58
Radio,national,2025-04-21,,NEXT MEDIA SOLUTIONS,RMC,13404.79,18071406.58
Radio,national,2025-04-21,,NRJ GLOBAL,CHERIE FM NATIONALE,4009.52,18071406.58
SEA,national,2025-04-21,SEA,GOOGLE,GOOGLE,30848.1,18071406.58
Audio,national,2025-04-21,AUDIO,PHOENIX,RMC,3428.39,18071406.58
Social,local,2025-04-21,SOCIAL,META,,61660.57,18071406.58
TV,national,2025-04-21,,FRANCE TÉLÉVISIONS PUBLICITÉ,LE FIGARO TV,237.6,18071406.58
TV,national,2025-04-21,,M6 PUBLICITÉ,SERIE CLUB,501.34,18071406.58
Cataloguebal,national,2025-04-21,,,,144727.0,18071406.58
CRM,national,2025-04-21,,,EMAIL,2787.44,18071406.58
Audio,national,2025-04-21,AUDIO,PHOENIX,LAGARDÈRE,1148.24,18071406.58
Audio,national,2025-04-21,AUDIO,PHOENIX,DEEZER,4819.63,18071406.58
Presse,local,2025-04-21,,366SAS,OUEST FRANCE,910.66,18071406.58
Audio,national,2025-04-21,AUDIO,PHOENIX,SOUNDCAST,1777.97,18071406.58
Presse,local,2025-04-21,,366SAS,L'YONNE REPUBLICAINE,151.2,18071406.58
Social,national,2025-04-21,SOCIAL,META,,8408.0,18071406.58
TV,national,2025-04-21,,M6 PUBLICITÉ,PUISSANCE TNT,23806.24,18071406.58
TV,national,2025-04-21,,TF1 PUB,TMC,16430.06,18071406.58
TV,national,2025-04-28,,FRANCE TÉLÉVISION PUBLICITÉ,SYFY,446.55,23659295.96
Social,national,2025-04-28,SOCIAL,META,,9265.5,23659295.96
TV,national,2025-04-28,,ALTICE MEDIA ADS & CONNECT,RMC2,10933.5,23659295.96
TV,national,2025-04-28,,M6 PUBLICITÉ,TÉVA,1938.76,23659295.96
TV,national,2025-04-28,,ALTICE MEDIA ADS & CONNECT,BFMTV MAX,15559.5,23659295.96
TV,national,2025-04-28,,CANAL+ BRAND SOLUTIONS,DISCOVERY CHANNEL,202.88,23659295.96
TV,national,2025-04-28,,TF1 PUB,TMC,13561.19,23659295.96
TV,national,2025-04-28,,TF1 PUB,TV BREIZH,1429.93,23659295.96
Video,national,2025-04-28,VIDEO,PHOENIX,TF1,11002.0,23659295.96
TV,national,2025-04-28,,M6 PUBLICITÉ,M 6,33190.63,23659295.96
TV,national,2025-04-28,,TF1 PUB,TF1,73332.8,23659295.96
SEA,national,2025-04-28,SEA,GOOGLE,GOOGLE,26525.25,23659295.96
TV,national,2025-04-28,,FRANCE TÉLÉVISION PUBLICITÉ,NATIONAL GEOGRAPHIC CHANNEL,869.43,23659295.96
TV,national,2025-04-28,,FRANCE TÉLÉVISION PUBLICITÉ,TÉLÉ MÉLODY,11.7,23659295.96
TV,national,2025-04-28,,TF1 PUB,USHUAÏA TV,131.53,23659295.96
TV,national,2025-04-28,,M6 PUBLICITÉ,PARIS PREMIÈRE,3698.85,23659295.96
TV,national,2025-04-28,,FRANCE TÉLÉVISION PUBLICITÉ,MUSEUM TV,58.5,23659295.96
TV,national,2025-04-28,,M6 PUBLICITÉ,SERIE CLUB,1262.54,23659295.96
TV,national,2025-04-28,,FRANCE TÉLÉVISION PUBLICITÉ,13 ÈME RUE,556.41,23659295.96
TV,national,2025-04-28,,CANAL+ BRAND SOLUTIONS,COMÉDIE +,102.59,23659295.96
TV,national,2025-04-28,,FRANCE TÉLÉVISION PUBLICITÉ,WARNER TV,933.75,23659295.96
TV,national,2025-04-28,,M6 PUBLICITÉ,PUISSANCE TNT,23257.11,23659295.96
TV,national,2025-04-28,,CANAL+ BRAND SOLUTIONS,PLANÈTE +,307.53,23659295.96
TV,national,2025-04-28,,CANAL+ BRAND SOLUTIONS,DISCOVERY INVESTIGATION,347.02,23659295.96
Social,national,2025-04-28,SOCIAL,META,FACEBOOK ET INSTAGRAM,6984.19,23659295.96
TV,national,2025-04-28,,M6 PUBLICITÉ,RFM TV,46.17,23659295.96
Video,national,2025-04-28,VIDEO,PHOENIX,M6,10787.35,23659295.96
TV,national,2025-04-28,,FRANCE TÉLÉVISION PUBLICITÉ,SPORT EN FRANCE,180.0,23659295.96
CRM,national,2025-04-28,,,EMAIL,2512.27,23659295.96
TV,national,2025-04-28,,NRJ RÉGIE,CHERIE 25,3507.83,23659295.96
TV,national,2025-04-28,,FRANCE TÉLÉVISION PUBLICITÉ,FRANCE 5,585.62,23659295.96
TV,national,2025-04-28,,TF1 PUB,LCI,7560.95,23659295.96
TV,national,2025-04-28,,FRANCE TÉLÉVISION PUBLICITÉ,TV5,622.32,23659295.96
TV,national,2025-04-28,,FRANCE TÉLÉVISIONS PUBLICITÉ,WARNER TV NEXT,590.91,23659295.96
TV,national,2025-04-28,,FRANCE TÉLÉVISION PUBLICITÉ,FRANCE 2,8902.01,23659295.96
TV,national,2025-04-28,,TF1 PUB,TF1 SÉRIES FILMS,3499.72,23659295.96
TV,national,2025-04-28,,TF1 PUB,TFX,3928.6,23659295.96
Video,national,2025-04-28,VIDEO,GOOGLE,YOUTUBE,5874.71,23659295.96
TV,national,2025-04-28,,CANAL+ BRAND SOLUTIONS,CANAL+STAR,4466.42,23659295.96
TV,national,2025-04-28,,FRANCE TÉLÉVISION PUBLICITÉ,FRANCE 3,463.62,23659295.96
TV,national,2025-04-28,,CANAL+ BRAND SOLUTIONS,RTL 9,596.08,23659295.96
Social,national,2025-05-05,SOCIAL,META,FACEBOOK ET INSTAGRAM,1925.16,22209457.88
TV,national,2025-05-05,,FRANCE TÉLÉVISION PUBLICITÉ,NATIONAL GEOGRAPHIC CHANNEL,817.68,22209457.88
TV,national,2025-05-05,,FRANCE TÉLÉVISION PUBLICITÉ,FRANCE 5,1321.83,22209457.88
Video,national,2025-05-05,VIDEO,PHOENIX,TF1,3426.21,22209457.88
TV,national,2025-05-05,,FRANCE TÉLÉVISION PUBLICITÉ,SPORT EN FRANCE,148.5,22209457.88
TV,national,2025-05-05,,FRANCE TÉLÉVISIONS PUBLICITÉ,WARNER TV NEXT,558.39,22209457.88
TV,national,2025-05-05,,FRANCE TÉLÉVISION PUBLICITÉ,SYFY,415.35,22209457.88
TV,national,2025-05-05,,FRANCE TÉLÉVISION PUBLICITÉ,MUSEUM TV,209.25,22209457.88
TV,national,2025-05-05,,TF1 PUB,TFX,8866.09,22209457.88
TV,national,2025-05-05,,ALTICE MEDIA ADS & CONNECT,RMC2,15683.0,22209457.88
TV,national,2025-05-05,,M6 PUBLICITÉ,SERIE CLUB,800.73,22209457.88
TV,national,2025-05-05,,ALTICE MEDIA ADS & CONNECT,BFMTV MAX,15917.5,22209457.88
TV,national,2025-05-05,,NRJ RÉGIE,CHERIE 25,4574.38,22209457.88
TV,national,2025-05-05,,CANAL+ BRAND SOLUTIONS,CANAL+STAR,4110.59,22209457.88
TV,national,2025-05-05,,CANAL+ BRAND SOLUTIONS,RTL 9,125.07,22209457.88
TV,national,2025-05-05,,M6 PUBLICITÉ,PARIS PREMIÈRE,1.42,22209457.88
TV,national,2025-05-05,,FRANCE TÉLÉVISIONS PUBLICITÉ,LE FIGARO TV,118.8,22209457.88
TV,national,2025-05-05,,CANAL+ BRAND SOLUTIONS,COMÉDIE +,73.67,22209457.88
TV,national,2025-05-05,,M6 PUBLICITÉ,M 6,3405.61,22209457.88
TV,national,2025-05-05,,FRANCE TÉLÉVISION PUBLICITÉ,FRANCE 24,165.6,22209457.88
TV,national,2025-05-05,,TF1 PUB,TF1 SÉRIES FILMS,1499.39,22209457.88
TV,national,2025-05-05,,TF1 PUB,LCI,5400.3,22209457.88
TV,national,2025-05-05,,M6 PUBLICITÉ,PUISSANCE TNT,4971.29,22209457.88
TV,national,2025-05-05,,CANAL+ BRAND SOLUTIONS,DISCOVERY INVESTIGATION,68.71,22209457.88
TV,national,2025-05-05,,FRANCE TÉLÉVISION PUBLICITÉ,FRANCE 3,4046.19,22209457.88
TV,national,2025-05-05,,FRANCE TÉLÉVISION PUBLICITÉ,13 ÈME RUE,363.57,22209457.88
Video,national,2025-05-05,VIDEO,PHOENIX,M6,5306.16,22209457.88
TV,national,2025-05-05,,M6 PUBLICITÉ,TÉVA,195.23,22209457.88
TV,national,2025-05-05,,TF1 PUB,TMC,13820.15,22209457.88
TV,national,2025-05-05,,CANAL+ BRAND SOLUTIONS,PLANÈTE +,222.47,22209457.88
Video,national,2025-05-05,VIDEO,GOOGLE,YOUTUBE,1734.27,22209457.88
TV,national,2025-05-05,,FRANCE TÉLÉVISION PUBLICITÉ,FRANCE 2,6462.82,22209457.88
TV,national,2025-05-05,,M6 PUBLICITÉ,RFM TV,28.21,22209457.88
TV,national,2025-05-05,,FRANCE TÉLÉVISION PUBLICITÉ,TÉLÉ MÉLODY,88.2,22209457.88
TV,national,2025-05-05,,FRANCE TÉLÉVISION PUBLICITÉ,TV5,359.19,22209457.88
TV,national,2025-05-05,,TF1 PUB,TF1,71350.82,22209457.88
TV,national,2025-05-05,,TF1 PUB,USHUAÏA TV,49.04,22209457.88
TV,national,2025-05-05,,TF1 PUB,TV BREIZH,1377.85,22209457.88
Display,national,2025-05-05,DISPLAY,LEBONCOIN,LEBONCOIN,12000.0,22209457.88
TV,national,2025-05-05,,FRANCE TÉLÉVISION PUBLICITÉ,WARNER TV,1120.11,22209457.88
TV,national,2025-05-05,,CANAL+ BRAND SOLUTIONS,DISCOVERY CHANNEL,23.95,22209457.88
CRM,national,2025-05-05,,,EMAIL,1876.3,22209457.88
SEA,national,2025-05-05,SEA,GOOGLE,GOOGLE,30810.3,22209457.88
Social,national,2025-05-05,SOCIAL,META,,9162.58,22209457.88
CRM,national,2025-05-05,,,SMS,12407.14,22209457.88
SEA,national,2025-05-12,SEA,GOOGLE,GOOGLE,49203.76,20102697.07
Social,national,2025-05-12,SOCIAL,META,FACEBOOK ET INSTAGRAM,8473.99,20102697.07
Video,national,2025-05-12,VIDEO,PHOENIX,M6,13628.34,20102697.07
CRM,national,2025-05-12,,,SMS,34836.32,20102697.07
CRM,national,2025-05-12,,,EMAIL,1865.27,20102697.07
Video,national,2025-05-12,VIDEO,PHOENIX,TF1,13166.73,20102697.07
Social,national,2025-05-12,SOCIAL,META,,10281.48,20102697.07
Display,national,2025-05-12,DISPLAY,PHOENIX,PHOENIX,5099.47,20102697.07
Video,national,2025-05-12,VIDEO,GOOGLE,YOUTUBE,7872.7,20102697.07
SEA,national,2025-05-19,SEA,GOOGLE,GOOGLE,34292.38,19147476.53
Video,national,2025-05-19,VIDEO,PHOENIX,TF1,13840.77,19147476.53
Video,national,2025-05-19,VIDEO,PHOENIX,M6,12763.73,19147476.53
Display,national,2025-05-19,DISPLAY,PHOENIX,PHOENIX,0.0,19147476.53
CRM,national,2025-05-19,,,EMAIL,588.15,19147476.53
Video,national,2025-05-19,VIDEO,GOOGLE,YOUTUBE,10815.89,19147476.53
CRM,national,2025-05-19,,,SMS,32282.18,19147476.53
Social,national,2025-05-19,SOCIAL,META,,8339.39,19147476.53
E-CATALOG,national,2025-05-26,E-CATALOG,BONIAL,BONIAL,1000.0,16020564.04
Video,national,2025-05-26,VIDEO,GOOGLE,YOUTUBE,8545.86,16020564.04
Social,local,2025-05-26,SOCIAL,META,,63539.37,16020564.04
Video,national,2025-05-26,VIDEO,PHOENIX,M6,7773.98,16020564.04
Display,local,2025-05-26,DISPLAY,XANDR,,27235.69,16020564.04
Display,national,2025-05-26,DISPLAY,LEBONCOIN,LEBONCOIN,12000.0,16020564.04
Video,national,2025-05-26,VIDEO,PHOENIX,PRIME VIDEO,583.0,16020564.04
Social,national,2025-05-26,SOCIAL,META,FACEBOOK ET INSTAGRAM,10127.95,16020564.04
Social,national,2025-05-26,SOCIAL,META,,8920.33,16020564.04
CRM,national,2025-05-26,,,EMAIL,3908.61,16020564.04
SEA,national,2025-05-26,SEA,GOOGLE,GOOGLE,30577.77,16020564.04
CRM,national,2025-05-26,,,SMS,14341.6,16020564.04
Audio,national,2025-06-02,AUDIO,PHOENIX,NRJ,4564.04,14850732.09
Radio,national,2025-06-02,,LAGARDERE PUBLICITE NEWS,RADIO NOVA,1420.79,14850732.09
Radio,national,2025-06-02,,TF1 PUBLICITE,LES INDES RADIO,22795.9,14850732.09
Radio,national,2025-06-02,,NRJ GLOBAL,NRJ NATIONALE,10550.01,14850732.09
Radio,national,2025-06-02,,NRJ GLOBAL,RIRE ET CHANSONS,2739.73,14850732.09
Radio,national,2025-06-02,,LAGARDERE PUBLICITE NEWS,EUROPE 1,4558.86,14850732.09
Radio,national,2025-06-02,,LAGARDERE PUBLICITE NEWS,RFM,5644.78,14850732.09
Video,national,2025-06-02,VIDEO,GOOGLE,YOUTUBE,10680.89,14850732.09
Radio,national,2025-06-02,,M6 PUBLICITE,FUN RADIO,6499.33,14850732.09
Audio,national,2025-06-02,AUDIO,PHOENIX,LAGARDÈRE,1182.18,14850732.09
Display,national,2025-06-02,DISPLAY,LEBONCOIN,LEBONCOIN,22500.0,14850732.09
Display,national,2025-06-02,DISPLAY,ADOT,ADOT,8260.0,14850732.09
Radio,national,2025-06-02,,M6 PUBLICITE,RTL2,7580.56,14850732.09
affichage,local,2025-06-02,,GIRAUDY,GIRAUDY,2784.0,14850732.09
Radio,national,2025-06-02,,NEXT MEDIA SOLUTIONS,RMC,12739.92,14850732.09
Audio,national,2025-06-02,AUDIO,PHOENIX,ACAST,1740.5,14850732.09
Radio,national,2025-06-02,,NRJ GLOBAL,CHERIE FM NATIONALE,3893.31,14850732.09
Audio,national,2025-06-02,AUDIO,PHOENIX,DEEZER,4213.14,14850732.09
Audio,national,2025-06-02,AUDIO,PHOENIX,SOUNDCAST,1778.93,14850732.09
Radio,national,2025-06-02,,NRJ GLOBAL,NOSTALGIE NATIONALE,11896.56,14850732.09
Video,national,2025-06-02,VIDEO,PHOENIX,M6,41883.05,14850732.09
Social,national,2025-06-02,SOCIAL,META,FACEBOOK ET INSTAGRAM,9702.86,14850732.09
Radio,national,2025-06-02,,M6 PUBLICITE,RTL,17245.2,14850732.09
Audio,national,2025-06-02,AUDIO,PHOENIX,RMC,1869.78,14850732.09
Social,national,2025-06-02,SOCIAL,META,,8378.98,14850732.09
CRM,national,2025-06-02,,,COURRIER,69000.0,14850732.09
SEA,national,2025-06-02,SEA,GOOGLE,GOOGLE,38191.45,14850732.09
CRM,national,2025-06-02,,,EMAIL,3225.04,14850732.09
CRM,national,2025-06-02,,,SMS,49214.98,14850732.09
Social,national,2025-06-09,SOCIAL,META,,8392.86,13116904.06
SEA,national,2025-06-09,SEA,GOOGLE,GOOGLE,27451.67,13116904.06
CRM,national,2025-06-09,,,EMAIL,3746.07,13116904.06
Social,national,2025-06-09,SOCIAL,META,FACEBOOK ET INSTAGRAM,2372.23,13116904.06
Social,national,2025-06-16,SOCIAL,META,,10030.84,9450401.52
Display,national,2025-06-16,DISPLAY,SHOWROOM PRIVE,SHOWROOM PRIVE,20000.0,9450401.52
CRM,national,2025-06-16,,,EMAIL,3650.74,9450401.52
CRM,national,2025-06-16,,,SMS,23065.28,9450401.52
Display,national,2025-06-16,DISPLAY,LEBONCOIN,LEBONCOIN,12000.0,9450401.52
SEA,national,2025-06-16,SEA,GOOGLE,GOOGLE,25879.99,9450401.52
Social,national,2025-06-16,SOCIAL,META,FACEBOOK ET INSTAGRAM,9764.11,9450401.52
CRM,national,2025-06-23,,,SMS,282.78,9844527.02
Social,national,2025-06-23,SOCIAL,META,FACEBOOK ET INSTAGRAM,2261.8,9844527.02
SEA,national,2025-06-23,SEA,GOOGLE,GOOGLE,24781.38,9844527.02
Social,national,2025-06-23,SOCIAL,META,,8259.61,9844527.02
Display,local,2025-06-23,DISPLAY,XANDR,,8458.06,9844527.02
CRM,national,2025-06-23,,,EMAIL,2479.0,9844527.02
Social,local,2025-06-23,SOCIAL,META,,17502.69,9844527.02
Social,national,2025-06-30,SOCIAL,META,,8032.08,9893297.76
Social,national,2025-06-30,SOCIAL,META,FACEBOOK ET INSTAGRAM,2152.05,9893297.76
Social,local,2025-06-30,SOCIAL,META,,25126.89,9893297.76
Display,local,2025-06-30,DISPLAY,XANDR,,9742.37,9893297.76
SEA,national,2025-06-30,SEA,GOOGLE,GOOGLE,19531.25,9893297.76
CRM,national,2025-06-30,,,EMAIL,3138.0,9893297.76
Social,national,2025-07-07,SOCIAL,META,FACEBOOK ET INSTAGRAM,2024.37,9452753.45
Social,national,2025-07-07,SOCIAL,META,,7652.32,9452753.45
SEA,national,2025-07-07,SEA,GOOGLE,GOOGLE,14867.94,9452753.45
CRM,national,2025-07-07,,,EMAIL,2633.38,9452753.45
Social,national,2025-07-14,SOCIAL,META,FACEBOOK ET INSTAGRAM,2000.38,8485912.17
SEA,national,2025-07-14,SEA,GOOGLE,GOOGLE,11708.44,8485912.17
CRM,national,2025-07-14,,,EMAIL,2307.34,8485912.17
Social,national,2025-07-14,SOCIAL,META,,8084.62,8485912.17
CRM,national,2025-07-21,,,EMAIL,596.34,8080599.02
Social,national,2025-07-21,SOCIAL,META,,8242.65,8080599.02
SEA,national,2025-07-21,SEA,GOOGLE,GOOGLE,7355.14,8080599.02
Social,national,2025-07-21,SOCIAL,META,FACEBOOK ET INSTAGRAM,552.13,8080599.02
CRM,national,2025-07-28,,,EMAIL,4456.07,8850144.03
SEA,national,2025-07-28,SEA,GOOGLE,GOOGLE,7631.85,8850144.03
Social,national,2025-07-28,SOCIAL,META,,7197.64,8850144.03
CRM,national,2025-08-04,,,EMAIL,1438.97,8572372.5
Social,national,2025-08-04,SOCIAL,META,,7772.51,8572372.5
CRM,national,2025-08-04,,,SMS,288.78,8572372.5
SEA,national,2025-08-04,SEA,GOOGLE,GOOGLE,4647.32,8572372.5
SEA,national,2025-08-11,SEA,GOOGLE,GOOGLE,4311.4,7352490.69
Social,national,2025-08-11,SOCIAL,META,,7325.6,7352490.69
CRM,national,2025-08-11,,,EMAIL,1528.18,7352490.69
SEA,national,2025-08-18,SEA,GOOGLE,GOOGLE,6327.59,7870699.18
CRM,national,2025-08-18,,,SMS,417.15,7870699.18
CRM,national,2025-08-18,,,EMAIL,1586.31,7870699.18
Display,local,2025-08-18,DISPLAY,XANDR,,38.0,7870699.18
Social,national,2025-08-18,SOCIAL,META,,7626.43,7870699.18
Social,local,2025-08-18,SOCIAL,META,,87.96,7870699.18
CRM,national,2025-08-25,,,SMS,289.28,8064806.84
Display,local,2025-08-25,DISPLAY,XANDR,,8469.95,8064806.84
Social,national,2025-08-25,SOCIAL,META,FACEBOOK ET INSTAGRAM,8617.39,8064806.84
Social,national,2025-08-25,SOCIAL,META,,7505.54,8064806.84
Social,local,2025-08-25,SOCIAL,META,,18740.3,8064806.84
SEA,national,2025-08-25,SEA,GOOGLE,GOOGLE,9299.87,8064806.84
CRM,national,2025-08-25,,,EMAIL,3995.97,8064806.84
Social,national,2025-09-01,SOCIAL,META,FACEBOOK ET INSTAGRAM,13381.78,7695347.27
Display,local,2025-09-01,DISPLAY,XANDR,,7148.13,7695347.27
CRM,national,2025-09-01,,,SMS,614.39,7695347.27
Social,local,2025-09-01,SOCIAL,META,,33692.56,7695347.27
CRM,national,2025-09-01,,,EMAIL,2023.01,7695347.27
Social,national,2025-09-01,SOCIAL,META,,7626.43,7695347.27
SEA,national,2025-09-01,SEA,GOOGLE,GOOGLE,7341.39,7695347.27
CRM,national,2025-09-08,,,SMS,287.86,7228108.54
CRM,national,2025-09-08,,,EMAIL,2743.86,7228108.54
Social,national,2025-09-08,SOCIAL,META,,7214.32,7228108.54
SEA,national,2025-09-08,SEA,GOOGLE,GOOGLE,9428.32,7228108.54
Social,national,2025-09-15,SOCIAL,META,,6377.69,6909559.09
SEA,national,2025-09-15,SEA,GOOGLE,GOOGLE,7035.0,6909559.09
CRM,national,2025-09-15,,,EMAIL,1188.98,6909559.09
Audio,national,2025-09-22,AUDIO,PHOENIX,SOUNDCAST,1186.74,8309880.06
CRM,national,2025-09-22,,,SMS,26983.74,8309880.06
CRM,national,2025-09-22,,,EMAIL,3532.43,8309880.06
Radio,national,2025-09-22,,NEXT MEDIA SOLUTIONS,RMC,16842.1,8309880.06
Radio,national,2025-09-22,,NRJ GLOBAL,NRJ NATIONALE,10704.96,8309880.06
Radio,national,2025-09-22,,M6 PUBLICITE,RTL,15127.4,8309880.06
Radio,national,2025-09-22,,LAGARDERE PUBLICITE NEWS,RFM,5081.43,8309880.06
Audio,national,2025-09-22,AUDIO,PHOENIX,LAGARDÈRE,1077.3,8309880.06
Audio,national,2025-09-22,AUDIO,PHOENIX,DEEZER,4209.22,8309880.06
Radio,national,2025-09-22,,NRJ GLOBAL,NOSTALGIE NATIONALE,12399.69,8309880.06
Radio,national,2025-09-22,,NRJ GLOBAL,CHERIE FM NATIONALE,4381.58,8309880.06
Audio,national,2025-09-22,AUDIO,PHOENIX,RMC,2226.43,8309880.06
Radio,national,2025-09-22,,M6 PUBLICITE,FUN RADIO,8103.93,8309880.06
Radio,national,2025-09-22,,LAGARDERE PUBLICITE NEWS,EUROPE 1,5524.86,8309880.06
Radio,national,2025-09-22,,LAGARDERE PUBLICITE NEWS,RADIO NOVA,2093.25,8309880.06
Radio,national,2025-09-22,,NRJ GLOBAL,RIRE ET CHANSONS,3006.55,8309880.06
Radio,national,2025-09-22,,M6 PUBLICITE,RTL2,8273.29,8309880.06
Radio,national,2025-09-22,,TF1 PUBLICITE,LES INDES RADIO,28647.1,8309880.06
SEA,national,2025-09-22,SEA,GOOGLE,GOOGLE,6771.61,8309880.06
Audio,national,2025-09-22,AUDIO,PHOENIX,ACAST,1058.34,8309880.06
Audio,national,2025-09-22,AUDIO,PHOENIX,NRJ,2213.5,8309880.06
Social,national,2025-09-22,SOCIAL,META,,7927.28,8309880.06
Display,national,2025-09-22,DISPLAY,LEBONCOIN,LEBONCOIN,12000.0,8309880.06
Audio,national,2025-09-22,AUDIO,PHOENIX,M6,1695.99,8309880.06
CRM,national,2025-09-29,,,EMAIL,2300.08,9401648.52
Social,national,2025-09-29,SOCIAL,META,,7687.21,9401648.52
E-CATALOG,national,2025-09-29,E-CATALOG,BONIAL,BONIAL,1000.0,9401648.52
SEA,national,2025-09-29,SEA,GOOGLE,GOOGLE,8936.56,9401648.52
Display,local,2025-09-29,DISPLAY,XANDR,,9354.9,9401648.52
CRM,national,2025-09-29,,,SMS,630.1,9401648.52
Social,national,2025-09-29,SOCIAL,META,FACEBOOK ET INSTAGRAM,4465.67,9401648.52
Social,local,2025-09-29,SOCIAL,META,,20642.33,9401648.52
Social,national,2025-10-06,SOCIAL,META,FACEBOOK ET INSTAGRAM,6532.44,8098016.96
Display,local,2025-10-06,DISPLAY,XANDR,,10789.78,8098016.96
CRM,national,2025-10-06,,,EMAIL,3286.32,8098016.96
Social,local,2025-10-06,SOCIAL,META,,28929.32,8098016.96
Social,national,2025-10-06,SOCIAL,META,,8373.54,8098016.96
CRM,national,2025-10-06,,,SMS,3423.59,8098016.96
SEA,national,2025-10-06,SEA,GOOGLE,GOOGLE,7828.59,8098016.96
SEA,national,2025-10-13,SEA,GOOGLE,GOOGLE,8126.66,8257083.52
CRM,national,2025-10-13,,,SMS,39156.51,8257083.52
CRM,national,2025-10-13,,,EMAIL,1600.0,8257083.52
Social,national,2025-10-13,SOCIAL,META,,7634.96,8257083.52
Display,national,2025-10-20,DISPLAY,BONIAL,BONIAL,2000.0,8747813.49
SEA,national,2025-10-20,SEA,GOOGLE,GOOGLE,4645.58,8747813.49
Social,local,2025-10-20,SOCIAL,META,,27278.03,8747813.49
Display,local,2025-10-20,DISPLAY,XANDR,,12900.66,8747813.49
Social,national,2025-10-20,SOCIAL,META,FACEBOOK ET INSTAGRAM,10627.22,8747813.49
Presse,local,2025-10-20,,366SAS,OUEST FRANCE,3239.1,8747813.49
Presse,local,2025-10-20,,366SAS,SUD OUEST,2080.0,8747813.49
CRM,national,2025-10-20,,,EMAIL,1835.05,8747813.49
Cataloguebal,national,2025-10-20,,,,63384.0,8747813.49
Social,national,2025-10-20,SOCIAL,META,,7836.67,8747813.49
Display,national,2025-10-20,DISPLAY,E-NOVATE,E-NOVATE,5191.75,8747813.49
E-CATALOG,national,2025-10-20,E-CATALOG,BONIAL,BONIAL,6600.0,8747813.49
Social,national,2025-10-27,SOCIAL,META,FACEBOOK ET INSTAGRAM,14749.77,11573388.68
Social,local,2025-10-27,SOCIAL,META,,38398.84,11573388.68
Social,national,2025-10-27,SOCIAL,META,,7754.77,11573388.68
SEA,national,2025-10-27,SEA,GOOGLE,GOOGLE,7007.45,11573388.68
CRM,national,2025-10-27,,,EMAIL,5874.25,11573388.68
Display,national,2025-10-27,DISPLAY,E-NOVATE,E-NOVATE,6809.08,11573388.68
Display,local,2025-10-27,DISPLAY,XANDR,,15187.6,11573388.68
CRM,national,2025-10-27,,,SMS,300.99,11573388.68
CRM,national,2025-11-03,,,SMS,59950.37,10423601.53
Radio,national,2025-11-03,,M6 PUBLICITE,RTL,15707.7,10423601.53
CRM,national,2025-11-03,,,COURRIER,55098.34,10423601.53
Social,local,2025-11-03,SOCIAL,META,,18882.99,10423601.53
Radio,national,2025-11-03,,NRJ GLOBAL,NOSTALGIE NATIONALE,13178.0,10423601.53
affichage,local,2025-11-03,,AFFIOUEST,AFFIOUEST,1206.4,10423601.53
Radio,national,2025-11-03,,NRJ GLOBAL,RIRE ET CHANSONS,3006.65,10423601.53
Audio,national,2025-11-03,AUDIO,PHOENIX,SPOTIFY,6222.06,10423601.53
Audio,national,2025-11-03,AUDIO,PHOENIX,NRJ,2372.15,10423601.53
Social,national,2025-11-03,SOCIAL,META,,7770.21,10423601.53
Radio,national,2025-11-03,,NRJ GLOBAL,CHERIE FM NATIONALE,3832.78,10423601.53
SEA,national,2025-11-03,SEA,GOOGLE,GOOGLE,13802.22,10423601.53
Radio,national,2025-11-03,,M6 PUBLICITE,RTL2,7718.48,10423601.53
Radio,national,2025-11-03,,LAGARDERE PUBLICITE NEWS,RADIO NOVA,2382.98,10423601.53
Radio,national,2025-11-03,,LAGARDERE PUBLICITE NEWS,EUROPE 1,5997.57,10423601.53
CRM,national,2025-11-03,,,EMAIL,4824.22,10423601.53
Radio,national,2025-11-03,,TF1 PUBLICITE,LES INDES RADIO,28346.5,10423601.53
Radio,national,2025-11-03,,NEXT MEDIA SOLUTIONS,RMC,15995.99,10423601.53
Display,local,2025-11-03,DISPLAY,XANDR,,19315.03,10423601.53
Radio,national,2025-11-03,,LAGARDERE PUBLICITE NEWS,RFM,5004.17,10423601.53
Radio,national,2025-11-03,,M6 PUBLICITE,FUN RADIO,8069.33,10423601.53
Audio,national,2025-11-03,AUDIO,PHOENIX,LAGARDÈRE,1186.27,10423601.53
Audio,national,2025-11-03,AUDIO,PHOENIX,RMC,2374.13,10423601.53
Audio,national,2025-11-03,AUDIO,PHOENIX,ACAST,1177.25,10423601.53
Radio,national,2025-11-03,,NRJ GLOBAL,NRJ NATIONALE,11946.83,10423601.53
Display,national,2025-11-03,DISPLAY,LEBONCOIN,LEBONCOIN,24000.0,10423601.53
Audio,national,2025-11-03,AUDIO,PHOENIX,M6,1774.48,10423601.53
Social,local,2025-11-10,SOCIAL,META,,26409.18,9218106.69
CRM,national,2025-11-10,,,SMS,46443.41,9218106.69
CRM,national,2025-11-10,,,EMAIL,2114.24,9218106.69
Social,national,2025-11-10,SOCIAL,META,,3483.32,9218106.69
SEA,national,2025-11-10,SEA,GOOGLE,GOOGLE,15113.14,9218106.69
Display,local,2025-11-17,DISPLAY,DV360,,16596.02,7675263.32
CRM,national,2025-11-17,,,EMAIL,4427.82,7675263.32
CRM,national,2025-11-17,,,SMS,59214.77,7675263.32
Social,national,2025-11-17,SOCIAL,META,FACEBOOK ET INSTAGRAM,2925.78,7675263.32
SEA,national,2025-11-17,SEA,GOOGLE,GOOGLE,9469.12,7675263.32
Social,local,2025-11-17,SOCIAL,META,,16494.84,7675263.32
Social,national,2025-11-17,SOCIAL,META,,414.47,7675263.32
Social,local,2025-11-24,SOCIAL,META,,23699.42,10578449.29
Social,national,2025-11-24,SOCIAL,META,FACEBOOK ET INSTAGRAM,14654.4,10578449.29
CRM,national,2025-11-24,,,SMS,83349.55,10578449.29
CRM,national,2025-11-24,,,EMAIL,3099.66,10578449.29
Social,national,2025-11-24,SOCIAL,META,,1977.41,10578449.29
E-CATALOG,national,2025-11-24,E-CATALOG,BONIAL,BONIAL,1000.0,10578449.29
Display,national,2025-11-24,DISPLAY,SHOWROOM PRIVE,SHOWROOM PRIVE,20000.0,10578449.29
Video,national,2025-11-24,VIDEO,PHOENIX,6PLAY,7824.51,10578449.29
SEA,national,2025-11-24,SEA,GOOGLE,GOOGLE,13714.51,10578449.29
Radio,national,2025-12-01,,NRJ GLOBAL,NRJ NATIONALE,12729.42,12132829.13
Radio,national,2025-12-01,,NEXT MEDIA SOLUTIONS,RMC,15101.08,12132829.13
Radio,national,2025-12-01,,M6 PUBLICITE,FUN RADIO,6905.5,12132829.13
Radio,national,2025-12-01,,TF1 PUBLICITE,LES INDES RADIO,26916.1,12132829.13
Social,national,2025-12-01,SOCIAL,META,FACEBOOK ET INSTAGRAM,3856.56,12132829.13
Radio,national,2025-12-01,,M6 PUBLICITE,RTL,18711.6,12132829.13
Audio,national,2025-12-01,AUDIO,PHOENIX,M6,1772.44,12132829.13
Audio,national,2025-12-01,AUDIO,PHOENIX,RMC,2310.25,12132829.13
CRM,national,2025-12-01,,,EMAIL,4012.91,12132829.13
Audio,national,2025-12-01,AUDIO,PHOENIX,DEEZER,4212.09,12132829.13
Radio,national,2025-12-01,,NRJ GLOBAL,CHERIE FM NATIONALE,3954.84,12132829.13
Radio,national,2025-12-01,,M6 PUBLICITE,RTL2,6327.37,12132829.13
Display,local,2025-12-01,DISPLAY,DV360,,18920.85,12132829.13
Radio,national,2025-12-01,,LAGARDERE PUBLICITE NEWS,RADIO NOVA,2382.98,12132829.13
Audio,national,2025-12-01,AUDIO,PHOENIX,ACAST,1855.41,12132829.13
Radio,national,2025-12-01,,LAGARDERE PUBLICITE NEWS,EUROPE 1,6124.54,12132829.13
CRM,national,2025-12-01,,,SMS,59254.04,12132829.13
Audio,national,2025-12-01,AUDIO,PHOENIX,LAGARDÈRE,1162.95,12132829.13
Social,national,2025-12-01,SOCIAL,META,,1984.91,12132829.13
Display,national,2025-12-01,DISPLAY,ADOT,ADOT,10000.0,12132829.13
Audio,national,2025-12-01,AUDIO,PHOENIX,SOUNDCAST,1186.12,12132829.13
Audio,national,2025-12-01,AUDIO,PHOENIX,NRJ,2371.45,12132829.13
Radio,national,2025-12-01,,LAGARDERE PUBLICITE NEWS,RFM,5003.22,12132829.13
Video,national,2025-12-01,VIDEO,PHOENIX,6PLAY,11758.87,12132829.13
Radio,national,2025-12-01,,NRJ GLOBAL,NOSTALGIE NATIONALE,13178.1,12132829.13
SEA,national,2025-12-01,SEA,GOOGLE,GOOGLE,11049.55,12132829.13
Radio,national,2025-12-01,,NRJ GLOBAL,RIRE ET CHANSONS,3006.55,12132829.13
Social,local,2025-12-01,SOCIAL,META,,21494.95,12132829.13
Social,local,2025-12-08,SOCIAL,META,,21849.07,9748936.28
CRM,national,2025-12-08,,,EMAIL,1548.62,9748936.28
SEA,national,2025-12-08,SEA,GOOGLE,GOOGLE,8478.2,9748936.28
Video,national,2025-12-08,VIDEO,PHOENIX,6PLAY,7447.32,9748936.28
Social,national,2025-12-08,SOCIAL,META,,2866.89,9748936.28
CRM,national,2025-12-08,,,SMS,562.15,9748936.28
SEA,national,2025-12-15,SEA,GOOGLE,GOOGLE,6295.29,9456164.94
Video,national,2025-12-15,VIDEO,PHOENIX,6PLAY,9779.96,9456164.94
CRM,national,2025-12-15,,,EMAIL,5585.33,9456164.94
Social,national,2025-12-15,SOCIAL,META,,3841.65,9456164.94
CRM,national,2025-12-15,,,SMS,36995.18,9456164.94
SEA,national,2025-12-22,SEA,GOOGLE,GOOGLE,3410.99,8052451.97
Social,national,2025-12-22,SOCIAL,META,,1071.73,8052451.97
CRM,national,2025-12-22,,,SMS,6.63,8052451.97
Video,national,2025-12-22,VIDEO,PHOENIX,6PLAY,0.36,8052451.97
CRM,national,2025-12-22,,,EMAIL,152.41,8052451.97
CRM,national,2025-12-29,,,SMS,293.38,6578514.31
SEA,national,2025-12-29,SEA,GOOGLE,GOOGLE,2793.0,6578514.31
CRM,national,2025-12-29,,,EMAIL,1688.06,6578514.31
Social,national,2026-01-05,SOCIAL,META,FACEBOOK ET INSTAGRAM,863.41,6633364.34
SMS,local,2026-01-05,SMS,WELLPACK,,820.94,6633364.34
Radio,national,2026-01-05,,M6 PUBLICITE,RTL,18305.36,6633364.34
Audio,national,2026-01-05,AUDIO,PHOENIX,ACAST,1189.38,6633364.34
Radio,national,2026-01-05,,NRJ GLOBAL,CHERIE FM NATIONALE,5084.48,6633364.34
CRM,national,2026-01-05,,,SMS,25235.05,6633364.34
Audio,national,2026-01-05,AUDIO,PHOENIX,SOUNDCAST,1183.3,6633364.34
SEA,national,2026-01-05,SEA,GOOGLE,GOOGLE,11277.0,6633364.34
Radio,national,2026-01-05,,NRJ GLOBAL,NOSTALGIE NATIONALE,14427.64,6633364.34
Audio,national,2026-01-05,AUDIO,PHOENIX,DEEZER,3607.52,6633364.34
Radio,national,2026-01-05,,NRJ GLOBAL,NRJ NATIONALE,18911.21,6633364.34
Audio,national,2026-01-05,AUDIO,PHOENIX,NRJ,4130.43,6633364.34
CRM,national,2026-01-05,,,EMAIL,317.4,6633364.34
Audio,national,2026-01-05,AUDIO,PHOENIX,LAGARDÈRE,1288.71,6633364.34
Radio,national,2026-01-05,,LAGARDERE PUBLICITE NEWS,RFM,6440.93,6633364.34
Radio,national,2026-01-05,,NEXT MEDIA SOLUTIONS,RMC,16323.74,6633364.34
Radio,national,2026-01-05,,TF1 PUBLICITE,LES INDES RADIO,26228.9,6633364.34
Audio,national,2026-01-05,AUDIO,PHOENIX,RMC,2361.65,6633364.34
Display,local,2026-01-05,DISPLAY,DV360,,550.78,6633364.34
Radio,national,2026-01-05,,LAGARDERE PUBLICITE NEWS,RADIO NOVA,3781.17,6633364.34
Audio,national,2026-01-05,AUDIO,PHOENIX,M6,4140.48,6633364.34
Display,national,2026-01-05,DISPLAY,E-NOVATE,E-NOVATE,9936.84,6633364.34
Social,local,2026-01-05,SOCIAL,META,,1138.31,6633364.34
Radio,national,2026-01-05,,M6 PUBLICITE,RTL2,5691.68,6633364.34
Radio,national,2026-01-05,,LAGARDERE PUBLICITE NEWS,EUROPE 1,9826.76,6633364.34
Radio,national,2026-01-05,,M6 PUBLICITE,FUN RADIO,7776.52,6633364.34
Social,national,2026-01-05,SOCIAL,META,,485.76,6633364.34
Radio,national,2026-01-05,,NRJ GLOBAL,RIRE ET CHANSONS,3243.12,6633364.34
Social,national,2026-01-12,SOCIAL,META,,751.61,5893234.23
SMS,local,2026-01-12,SMS,WELLPACK,,4463.68,5893234.23
Presse,local,2026-01-12,,366SAS,LA VOIX DU NORD,1120.5,5893234.23
Presse,local,2026-01-12,,366SAS,LE COURRIER PICARD,1047.6,5893234.23
Social,local,2026-01-12,SOCIAL,META,,15971.23,5893234.23
Display,local,2026-01-12,DISPLAY,DV360,,3237.15,5893234.23
Presse,local,2026-01-12,,366SAS,OUEST FRANCE,798.3,5893234.23
Social,national,2026-01-12,SOCIAL,META,FACEBOOK ET INSTAGRAM,5101.47,5893234.23
SEA,national,2026-01-12,SEA,GOOGLE,GOOGLE,11104.0,5893234.23
CRM,national,2026-01-12,,,EMAIL,4064.45,5893234.23
Social,local,2026-01-19,SOCIAL,META,,20905.52,5840196.64
Social,national,2026-01-19,SOCIAL,META,FACEBOOK ET INSTAGRAM,6861.44,5840196.64
CRM,national,2026-01-19,,,EMAIL,338.83,5840196.64
SEA,national,2026-01-19,SEA,GOOGLE,GOOGLE,13592.0,5840196.64
Display,local,2026-01-19,DISPLAY,DV360,,11345.79,5840196.64
Social,national,2026-01-19,SOCIAL,META,,541.42,5840196.64
Display,local,2026-01-26,DISPLAY,DV360,,9779.87,6747466.7
Social,local,2026-01-26,SOCIAL,META,,20216.79,6747466.7
Social,national,2026-01-26,SOCIAL,META,FACEBOOK ET INSTAGRAM,6826.31,6747466.7
Social,national,2026-01-26,SOCIAL,META,,519.35,6747466.7
CRM,national,2026-01-26,,,EMAIL,549.62,6747466.7
SEA,national,2026-01-26,SEA,GOOGLE,GOOGLE,6106.0,6747466.7
Social,local,2026-02-02,SOCIAL,META,,23869.76,6837989.02
Presse,local,2026-02-02,,366SAS,LE COURRIER PICARD,1047.6,6837989.02
Display,local,2026-02-02,DISPLAY,DV360,,11412.98,6837989.02
SEA,national,2026-02-02,SEA,GOOGLE,GOOGLE,12563.0,6837989.02
Presse,local,2026-02-02,,366SAS,OUEST FRANCE + PRESSE OCEAN,1183.5,6837989.02
Presse,local,2026-02-02,,366SAS,LA VOIX DU NORD,1120.5,6837989.02
Presse,local,2026-02-02,,366SAS,OUEST FRANCE,798.3,6837989.02
E-CATALOG,national,2026-02-02,E-CATALOG,BONIAL,BONIAL,1000.0,6837989.02
CRM,national,2026-02-02,,,SMS,83034.71,6837989.02
CRM,national,2026-02-02,,,EMAIL,1590.13,6837989.02
Social,national,2026-02-02,SOCIAL,META,,1965.12,6837989.02
Presse,local,2026-02-02,,366SAS,OUEST FRANCE + COURRIER DE L'OUEST,1087.2,6837989.02
SMS,local,2026-02-02,SMS,WELLPACK,,5040.42,6837989.02
Social,national,2026-02-02,SOCIAL,META,FACEBOOK ET INSTAGRAM,2399.56,6837989.02
Display,local,2026-02-09,DISPLAY,DV360,,13159.26,6944594.49
CRM,national,2026-02-09,,,SMS,7280.91,6944594.49
CRM,national,2026-02-09,,,EMAIL,1578.74,6944594.49
Social,national,2026-02-09,SOCIAL,META,,2239.65,6944594.49
SEA,national,2026-02-09,SEA,GOOGLE,GOOGLE,10801.0,6944594.49
Social,local,2026-02-09,SOCIAL,META,,33484.79,6944594.49
Social,national,2026-02-09,SOCIAL,META,FACEBOOK ET INSTAGRAM,2946.91,6944594.49
Radio,national,2026-02-16,,LAGARDERE PUBLICITE NEWS,RFM,3891.47,7676351.61
Radio,national,2026-02-16,,LAGARDERE PUBLICITE NEWS,NOVA radio,2426.36,7676351.61
Radio,national,2026-02-16,,NRJ GLOBAL,NRJ NATIONALE,9643.83,7676351.61
Audio,national,2026-02-16,AUDIO,PHOENIX,DEEZER,3628.22,7676351.61
Social,national,2026-02-16,SOCIAL,META,,393.39,7676351.61
CRM,national,2026-02-16,,,EMAIL,113.04,7676351.61
Display,national,2026-02-16,DISPLAY,LEBONCOIN,LEBONCOIN,12500.0,7676351.61
SEA,national,2026-02-16,SEA,GOOGLE,GOOGLE,10333.0,7676351.61
CRM,national,2026-02-16,,,SMS,39240.24,7676351.61
Radio,national,2026-02-16,,NEXT MEDIA SOLUTIONS,RMC,9475.33,7676351.61
Audio,national,2026-02-16,AUDIO,PHOENIX,ACAST,1056.02,7676351.61
Radio,national,2026-02-16,,M6 PUBLICITE,RTL,10197.59,7676351.61
Radio,national,2026-02-16,,TF1 PUBLICITE,LES INDES RADIO,19324.5,7676351.61
Audio,national,2026-02-16,AUDIO,PHOENIX,M6,4145.4,7676351.61
Audio,national,2026-02-16,AUDIO,PHOENIX,NRJ,4175.71,7676351.61
Audio,national,2026-02-16,AUDIO,PHOENIX,SOUNDCAST,1185.76,7676351.61
Radio,national,2026-02-16,,NRJ GLOBAL,NOSTALGIE - LOCALE,5480.68,7676351.61
Radio,national,2026-02-16,,NRJ GLOBAL,RIRE ET CHANSONS,2201.88,7676351.61
Display,local,2026-02-16,DISPLAY,DV360,,0.5,7676351.61
Audio,national,2026-02-16,AUDIO,PHOENIX,LAGARDÈRE,1268.51,7676351.61
Radio,national,2026-02-16,,M6 PUBLICITE,FUN RADIO,3897.0,7676351.61
Radio,national,2026-02-16,,M6 PUBLICITE,RTL2,5548.0,7676351.61
Radio,national,2026-02-16,,NRJ GLOBAL,CHERIE FM LOCALE,4099.07,7676351.61
Radio,national,2026-02-16,,LAGARDERE PUBLICITE NEWS,EUROPE 1,5829.41,7676351.61
Audio,national,2026-02-16,AUDIO,PHOENIX,RMC,2352.84,7676351.61
CRM,national,2026-02-23,,,SMS,51785.6,16359708.16
E-CATALOG,national,2026-02-23,E-CATALOG,BONIAL,BONIAL,4200.0,16359708.16
Display,national,2026-02-23,DISPLAY,TF1,MYTF1,20000.0,16359708.16
Social,national,2026-02-23,SOCIAL,META,,3964.06,16359708.16
SEA,national,2026-02-23,SEA,GOOGLE,GOOGLE,45112.0,16359708.16
Display,national,2026-02-23,DISPLAY,LEBONCOIN,LEBONCOIN,22500.0,16359708.16
Display,national,2026-02-23,DISPLAY,SHOWROOM PRIVE,SHOWROOM PRIVE,20000.0,16359708.16
Social,national,2026-02-23,SOCIAL,META,FACEBOOK ET INSTAGRAM,15000.0,16359708.16
CRM,national,2026-02-23,,,EMAIL,4130.36,16359708.16
SMS,local,2026-03-02,SMS,WELLPACK,,7186.83,14583472.55
Presse,local,2026-03-02,,366SAS,LE COURRIER PICARD,1047.6,14583472.55
Display,local,2026-03-02,DISPLAY,DV360,,13607.39,14583472.55
Presse,local,2026-03-02,,366SAS,OUEST FRANCE,798.3,14583472.55
Social,local,2026-03-02,SOCIAL,META,,29493.21,14583472.55
Presse,local,2026-03-02,,366SAS,LA VOIX DU NORD,1120.5,14583472.55
Presse,local,2026-03-02,,366SAS,OUEST FRANCE + PRESSE OCEAN,1183.5,14583472.55
Social,national,2026-03-02,SOCIAL,META,,2082.66,14583472.55
CRM,national,2026-03-02,,,EMAIL,5888.88,14583472.55
CRM,national,2026-03-02,,,SMS,9863.33,14583472.55
SEA,national,2026-03-02,SEA,GOOGLE,GOOGLE,30269.0,14583472.55
Social,national,2026-03-02,SOCIAL,META,FACEBOOK ET INSTAGRAM,6350.14,14583472.55
Presse,local,2026-03-02,,366SAS,OUEST FRANCE + COURRIER DE L'OUEST,1087.2,14583472.55
SEA,national,2026-03-09,SEA,GOOGLE,GOOGLE,29727.0,13837439.02
Display,local,2026-03-09,DISPLAY,DV360,,11796.42,13837439.02
Social,national,2026-03-09,SOCIAL,META,FACEBOOK ET INSTAGRAM,7649.82,13837439.02
CRM,national,2026-03-09,,,EMAIL,2740.28,13837439.02
Social,national,2026-03-09,SOCIAL,META,,3834.64,13837439.02
Social,local,2026-03-09,SOCIAL,META,,29849.3,13837439.02
SMS,local,2026-03-09,SMS,WELLPACK,,445.89,13837439.02
CRM,national,2026-03-09,,,SMS,53586.39,13837439.02
SMS,local,2026-03-16,SMS,WELLPACK,,25865.82,16005052.94
E-CATALOG,national,2026-03-16,E-CATALOG,BONIAL,BONIAL,3000.0,16005052.94
SEA,national,2026-03-16,SEA,GOOGLE,GOOGLE,24705.0,16005052.94
CRM,national,2026-03-16,,,EMAIL,2087.64,16005052.94
Display,local,2026-03-16,DISPLAY,DV360,,14364.3,16005052.94
Social,national,2026-03-16,SOCIAL,META,,4657.36,16005052.94
Social,national,2026-03-16,SOCIAL,META,FACEBOOK ET INSTAGRAM,5765.56,16005052.94
Presse,local,2026-03-16,,366SAS,366,14201.8,16005052.94
Social,local,2026-03-16,SOCIAL,META,,29306.64,16005052.94
Audio,national,2026-03-23,AUDIO,PHOENIX,LAGARDÈRE,1778.98,18688809.16
Radio,national,2026-03-23,,M6 PUBLICITE,RTL2,8074.0,18688809.16
affichage,local,2026-03-23,,CITYZ MEDIA,CLEAR CHANNEL,4744.99,18688809.16
Radio,national,2026-03-23,,NEXT MEDIA SOLUTIONS,RMC,13242.9,18688809.16
Radio,national,2026-03-23,,NRJ GLOBAL,RIRE ET CHANSONS,2535.65,18688809.16
Audio,national,2026-03-23,AUDIO,PHOENIX,DEEZER,3645.43,18688809.16
DOOH,local,2026-03-23,,MEDIATRANSPORTS,MEDIATRANSPORT DOOH,3932.0,18688809.16
Radio,national,2026-03-23,,LAGARDERE PUBLICITE NEWS,NOVA radio,3382.23,18688809.16
Radio,national,2026-03-23,,NRJ GLOBAL,NOSTALGIE - LOCALE,5719.78,18688809.16
Radio,national,2026-03-23,,M6 PUBLICITE,FUN RADIO,5615.63,18688809.16
Radio,national,2026-03-23,,NRJ GLOBAL,NRJ NATIONALE,9298.66,18688809.16
Audio,national,2026-03-23,AUDIO,PHOENIX,SOUNDCAST,1186.96,18688809.16
Audio,national,2026-03-23,AUDIO,PHOENIX,LES INDÉS,1787.78,18688809.16
Social,national,2026-03-23,SOCIAL,META,FACEBOOK ET INSTAGRAM,19688.47,18688809.16
Radio,national,2026-03-23,,LAGARDERE PUBLICITE NEWS,EUROPE 1,8196.45,18688809.16
Audio,national,2026-03-23,AUDIO,PHOENIX,RMC,3210.08,18688809.16
CRM,national,2026-03-23,,,EMAIL,275.21,18688809.16
Radio,national,2026-03-23,,M6 PUBLICITE,RTL,13815.28,18688809.16
Radio,national,2026-03-23,,NRJ GLOBAL,CHERIE FM LOCALE,4924.35,18688809.16
CRM,national,2026-03-23,,,COURRIER,65000.0,18688809.16
Social,national,2026-03-23,SOCIAL,META,,5064.37,18688809.16
Radio,national,2026-03-23,,LAGARDERE PUBLICITE NEWS,RFM,5367.13,18688809.16
Audio,national,2026-03-23,AUDIO,PHOENIX,NRJ,3331.71,18688809.16
Audio,national,2026-03-23,AUDIO,PHOENIX,M6,2375.42,18688809.16
SEA,national,2026-03-23,SEA,GOOGLE,GOOGLE,43999.0,18688809.16
CRM,national,2026-03-23,,,SMS,50035.93,18688809.16
Radio,national,2026-03-23,,TF1 PUBLICITE,LES INDES RADIO,28472.1,18688809.16
Presse,local,2026-03-23,,366SAS,MIDI LIBRE,1469.65,18688809.16
Audio,national,2026-03-23,AUDIO,PHOENIX,ACAST,1198.76,18688809.16
Social,local,2026-03-23,SOCIAL,META,,40315.41,18688809.16
Display,national,2026-03-23,DISPLAY,FIDMEHUB,FIDMEHUB,5000.0,18688809.16
Display,national,2026-03-23,DISPLAY,LEBONCOIN,LEBONCOIN,12500.0,18688809.16
Display,local,2026-03-23,DISPLAY,DV360,,15507.79,18688809.16
Presse,local,2026-03-30,,366SAS,LA VOIX DU NORD,1120.5,14249984.88
Display,local,2026-03-30,DISPLAY,DV360,,1753.18,14249984.88
CRM,national,2026-03-30,,,EMAIL,881.28,14249984.88
CRM,national,2026-03-30,,,SMS,493.29,14249984.88
Social,local,2026-03-30,SOCIAL,META,,3743.94,14249984.88
SEA,national,2026-03-30,SEA,GOOGLE,GOOGLE,37198.0,14249984.88
Social,national,2026-03-30,SOCIAL,META,FACEBOOK ET INSTAGRAM,549.62,14249984.88
Social,national,2026-03-30,SOCIAL,META,,3769.5,14249984.88
Radio,national,2026-04-06,,NRJ GLOBAL,RIRE ET CHANSONS,3656.81,19214958.64
Audio,national,2026-04-06,AUDIO,PHOENIX,LAGARDÈRE,2784.75,19214958.64
Radio,national,2026-04-06,,LAGARDERE PUBLICITE NEWS,NOVA radio,4209.67,19214958.64
Radio,national,2026-04-06,,M6 PUBLICITE,FUN RADIO,6299.18,19214958.64
Radio,national,2026-04-06,,NRJ GLOBAL,CHERIE FM LOCALE,4809.96,19214958.64
Audio,national,2026-04-06,AUDIO,PHOENIX,DEEZER,3428.71,19214958.64
Radio,national,2026-04-06,,NRJ GLOBAL,NOSTALGIE - LOCALE,7338.36,19214958.64
Radio,national,2026-04-06,,LAGARDERE PUBLICITE NEWS,EUROPE 1,8604.5,19214958.64
Radio,national,2026-04-06,,M6 PUBLICITE,RTL2,10318.64,19214958.64
Audio,national,2026-04-06,AUDIO,PHOENIX,LES INDÉS,1770.05,19214958.64
SEA,national,2026-04-06,SEA,GOOGLE,GOOGLE,36564.0,19214958.64
Audio,national,2026-04-06,AUDIO,PHOENIX,SOUNDCAST,1399.62,19214958.64
Social,national,2026-04-06,SOCIAL,META,FACEBOOK ET INSTAGRAM,4946.85,19214958.64
Radio,national,2026-04-06,,LAGARDERE PUBLICITE NEWS,RFM,6643.5,19214958.64
Radio,national,2026-04-06,,NRJ GLOBAL,NRJ NATIONALE,12937.35,19214958.64
Audio,national,2026-04-06,AUDIO,PHOENIX,RMC,3331.19,19214958.64
DOOH,local,2026-04-06,,CITYZ MEDIA,CLEAR CHANNEL DOOH,2737.38,19214958.64
Audio,national,2026-04-06,AUDIO,PHOENIX,ACAST,1116.08,19214958.64
Social,national,2026-04-06,SOCIAL,META,,2581.27,19214958.64
Social,local,2026-04-06,SOCIAL,META,,2613.97,19214958.64
Audio,national,2026-04-06,AUDIO,PHOENIX,M6,3915.66,19214958.64
Audio,national,2026-04-06,AUDIO,PHOENIX,NRJ,1680.89,19214958.64
Radio,national,2026-04-06,,TF1 PUBLICITE,LES INDES RADIO,22188.2,19214958.64
Radio,national,2026-04-06,,NEXT MEDIA SOLUTIONS,RMC,13128.12,19214958.64
Display,local,2026-04-06,DISPLAY,DV360,,971.8,19214958.64
Radio,national,2026-04-06,,M6 PUBLICITE,RTL,16382.66,19214958.64
Display,local,2026-04-13,DISPLAY,DV360,,0.01,
Display,national,2026-04-13,DISPLAY,LEBONCOIN,LEBONCOIN,12500.0,
Social,national,2026-04-13,SOCIAL,META,FACEBOOK ET INSTAGRAM,6266.27,
SMS,local,2026-04-20,SMS,WELLPACK,,23792.16,
affichage,local,2026-04-20,,JC DECAUX,JC DECAUX,8654.74,
Presse,local,2026-04-20,,366SAS,366,11495.4,
Presse,local,2026-04-20,,366SAS,OUEST FRANCE,798.3,
Display,local,2026-04-20,DISPLAY,DV360,,11687.96,
E-CATALOG,national,2026-04-20,E-CATALOG,BONIAL,BONIAL,4801.0,
Display,national,2026-04-20,DISPLAY,LEBONCOIN,LEBONCOIN,12500.0,
Social,local,2026-04-27,SOCIAL,META,,56942.88,
Display,local,2026-04-27,DISPLAY,DV360,,12733.38,
Social,national,2026-04-27,SOCIAL,META,FACEBOOK ET INSTAGRAM,51194.95,
Display,local,2026-05-04,DISPLAY,DV360,,0.15,
Video,national,2026-05-11,VIDEO,PHOENIX,MYTF1,11292.42,
Social,national,2026-05-11,SOCIAL,META,FACEBOOK ET INSTAGRAM,11539.99,
Video,national,2026-05-11,VIDEO,GOOGLE,YOUTUBE,8664.05,
Display,national,2026-05-11,DISPLAY,LEBONCOIN,LEBONCOIN,12500.0,
Video,national,2026-05-11,VIDEO,PHOENIX,M6,7678.2,
Video,national,2026-05-18,VIDEO,PHOENIX,M6,22139.92,
Video,national,2026-05-18,VIDEO,GOOGLE,YOUTUBE,10338.19,
Display,national,2026-05-18,DISPLAY,ADOT,ADOT,14020.0,
E-CATALOG,national,2026-05-18,E-CATALOG,BONIAL,BONIAL,3000.0,
Social,national,2026-05-18,SOCIAL,META,FACEBOOK ET INSTAGRAM,253.57,
SMS,local,2026-05-18,SMS,WELLPACK,,7532.28,
Presse,local,2026-05-18,,366SAS,366,6739.5,
Video,national,2026-05-18,VIDEO,PHOENIX,MYTF1,17543.14,
Display,local,2026-05-18,DISPLAY,DV360,,13221.14,
Social,local,2026-05-25,SOCIAL,META,,65772.54,
Display,local,2026-05-25,DISPLAY,DV360,,14945.77,
Social,national,2026-05-25,SOCIAL,META,FACEBOOK ET INSTAGRAM,4999.71,
Video,national,2026-05-25,VIDEO,PHOENIX,MYTF1,0.02,
Radio,national,2026-06-01,,M6 PUBLICITE,RTL2,8454.88,
Radio,national,2026-06-01,,M6 PUBLICITE,FUN RADIO,5800.65,
DOOH,local,2026-06-01,,GIRAUDY,GIRAUDY DOOH,243.8,
Audio,national,2026-06-01,AUDIO,PHOENIX,LAGARDÈRE,1119.14,
Audio,national,2026-06-01,AUDIO,PHOENIX,RMC,2238.68,
Radio,national,2026-06-01,,NRJ GLOBAL,CHERIE FM LOCALE,5661.84,
Radio,national,2026-06-01,,TF1 PUBLICITE,LES INDES RADIO,14491.2,
Radio,national,2026-06-01,,LAGARDERE PUBLICITE NEWS,EUROPE 1,7013.79,
Social,national,2026-06-01,SOCIAL,META,FACEBOOK ET INSTAGRAM,4999.88,
Radio,national,2026-06-01,,NRJ GLOBAL,NOSTALGIE - LOCALE,7839.3,
Social,local,2026-06-01,SOCIAL,META,,496.24,
Radio,national,2026-06-01,,M6 PUBLICITE,RTL,11489.87,
Radio,national,2026-06-01,,NEXT MEDIA SOLUTIONS,RMC,9147.98,
Radio,national,2026-06-01,,LAGARDERE PUBLICITE NEWS,NOVA radio,4501.43,
Audio,national,2026-06-01,AUDIO,PHOENIX,M6,2242.31,
Radio,national,2026-06-01,,NRJ GLOBAL,NRJ NATIONALE,9799.82,
Radio,local,2026-06-01,,TF1 PUBLICITE,ALOUETTE,648.2,
Radio,local,2026-06-01,,REGIE NETWORKS,NRJ LOCALE,781.13,
Audio,national,2026-06-01,AUDIO,PHOENIX,ACAST,1118.84,
Audio,national,2026-06-01,AUDIO,PHOENIX,SOUNDCAST,1184.3,
Audio,national,2026-06-01,AUDIO,PHOENIX,DEEZER,2846.8,
Audio,national,2026-06-01,AUDIO,PHOENIX,NRJ,1678.99,
Radio,national,2026-06-01,,LAGARDERE PUBLICITE NEWS,RFM,3734.12,
Display,local,2026-06-01,DISPLAY,DV360,,211.49,
Radio,national,2026-06-01,,NRJ GLOBAL,RIRE ET CHANSONS,2808.66,
Audio,national,2026-06-01,AUDIO,PHOENIX,LES INDÉS,1655.64,
Display,local,2026-06-08,DISPLAY,DV360,,0.0,
Social,national,2026-06-08,SOCIAL,META,FACEBOOK ET INSTAGRAM,6844.36,
Social,national,2026-06-15,SOCIAL,META,FACEBOOK ET INSTAGRAM,1465.06,
Display,local,2026-06-22,DISPLAY,DV360,,376.75,
Social,local,2026-06-22,SOCIAL,META,,120.96,
Social,local,2026-06-29,SOCIAL,META,,287.38,
Display,local,2026-06-29,DISPLAY,DV360,,76.41,
Social,local,2026-07-06,SOCIAL,META,,78.46,
Display,local,2026-07-06,DISPLAY,DV360,,14.66,
